Date,CPI_USA_Index,CPI_Japan_Index,USA_WageH_Dollar,Japan_WageH_Dollar,USA_GDP_Dollar_Capita,Japan_GDP_Dollar_Capita,Japan Debt in 100 Billion of Yen,USA Debt in 1Billion of USD,USA_%_Debt_to_GDP,Japan_%_Debt_to_GDP
1990-01-01,127.5,93.2552812420463,52.85547,81.73436,39200.0658112434,28422.2131195125,2399.32,3233.31345177725,53.62625,52.0126920923287
1990-02-01,128.0,93.4588953932298,53.458380000000005,79.84052,39200.0658112434,28422.2131195125,2399.32,3233.31345177725,53.62625,52.0126920923287
1990-03-01,128.6,93.8661236955968,53.75984,80.43858,39200.0658112434,28422.2131195125,2399.32,3233.31345177725,53.62625,52.0126920923287
1990-04-01,128.9,94.4769661491474,53.65936,80.93696,39200.0658112434,28422.2131195125,2399.32,3233.31345177725,53.62625,52.0126920923287
1990-05-01,129.1,95.0878086026979,53.96081,81.53501,39200.0658112434,28422.2131195125,2399.32,3233.31345177725,53.62625,52.0126920923287
1990-06-01,129.9,94.5787732247391,54.16178000000001,82.4321,39200.0658112434,28422.2131195125,2399.32,3233.31345177725,53.62625,52.0126920923287
1990-07-01,130.5,94.5787732247391,54.26227,82.53177,39200.0658112434,28422.2131195125,2399.32,3233.31345177725,53.62625,52.0126920923287
1990-08-01,131.6,94.7823873759226,54.31251,81.23598,38637.8398140572,29308.274088137,1876.05,3665.30335169703,58.7275,38.1761873627571
1990-09-01,132.5,95.2914227538814,54.56372,82.63145,38637.8398140572,29308.274088137,1876.05,3665.30335169703,58.7275,38.1761873627571
1990-10-01,133.4,96.1058793586154,54.86518,83.03015,38637.8398140572,29308.274088137,1876.05,3665.30335169703,58.7275,38.1761873627571
1990-11-01,133.7,96.0040722830236,54.71445,83.52853,38637.8398140572,29308.274088137,1876.05,3665.30335169703,58.7275,38.1761873627571
1990-12-01,134.2,96.0040722830236,54.91542,84.62496999999999,38637.8398140572,29308.274088137,1876.05,3665.30335169703,58.7275,38.1761873627571
1991-01-01,134.7,96.8185288877577,55.16664,83.12983,38637.8398140572,29308.274088137,1876.05,3665.30335169703,58.7275,38.1761873627571
1991-02-01,134.8,96.6149147365742,55.11639,84.32594,38637.8398140572,29308.274088137,1876.05,3665.30335169703,58.7275,38.1761873627571
1991-03-01,134.8,97.0221430389412,55.26712,84.12659000000001,38637.8398140572,29308.274088137,1876.05,3665.30335169703,58.7275,38.1761873627571
1991-04-01,135.1,97.3275642657165,55.51834,84.32594,38637.8398140572,29308.274088137,1876.05,3665.30335169703,58.7275,38.1761873627571
1991-05-01,135.6,97.938406719267,55.71931,84.62496999999999,38637.8398140572,29308.274088137,1876.05,3665.30335169703,58.7275,38.1761873627571
1991-06-01,136.0,97.7347925680835,55.920280000000005,84.92399999999999,38637.8398140572,29308.274088137,1876.05,3665.30335169703,58.7275,38.1761873627571
1991-07-01,136.2,97.8365996436752,56.12125,84.52529,38637.8398140572,29308.274088137,1876.05,3665.30335169703,58.7275,38.1761873627571
1991-08-01,136.6,98.0402137948587,56.1715,86.81784,39447.9472855283,29462.6539670948,1961.94,4064.62065552166,61.749249999999996,38.9149343503625
1991-09-01,137.0,98.1420208704505,56.37246999999999,84.92399999999999,39447.9472855283,29462.6539670948,1961.94,4064.62065552166,61.749249999999996,38.9149343503625
1991-10-01,137.2,99.160091626368,56.5232,85.22301999999999,39447.9472855283,29462.6539670948,1961.94,4064.62065552166,61.749249999999996,38.9149343503625
1991-11-01,137.8,99.3637057775515,56.573440000000005,85.3227,39447.9472855283,29462.6539670948,1961.94,4064.62065552166,61.749249999999996,38.9149343503625
1991-12-01,138.2,98.8546703995928,56.62368000000001,87.4159,39447.9472855283,29462.6539670948,1961.94,4064.62065552166,61.749249999999996,38.9149343503625
1992-01-01,138.3,98.8546703995928,56.47295,86.61849000000001,39447.9472855283,29462.6539670948,1961.94,4064.62065552166,61.749249999999996,38.9149343503625
1992-02-01,138.6,98.6510562484093,56.77441,85.22301999999999,39447.9472855283,29462.6539670948,1961.94,4064.62065552166,61.749249999999996,38.9149343503625
1992-03-01,139.1,99.160091626368,56.8749,85.3227,39447.9472855283,29462.6539670948,1961.94,4064.62065552166,61.749249999999996,38.9149343503625
1992-04-01,139.4,100.076355306694,57.07587,85.02367,39447.9472855283,29462.6539670948,1961.94,4064.62065552166,61.749249999999996,38.9149343503625
1992-05-01,139.7,100.178162382286,57.2266,85.22301999999999,39447.9472855283,29462.6539670948,1961.94,4064.62065552166,61.749249999999996,38.9149343503625
1992-06-01,140.1,100.178162382286,57.32708,87.11686999999999,39447.9472855283,29462.6539670948,1961.94,4064.62065552166,61.749249999999996,38.9149343503625
1992-07-01,140.5,99.7709340799186,57.42757,87.0172,39447.9472855283,29462.6539670948,1961.94,4064.62065552166,61.749249999999996,38.9149343503625
1992-08-01,140.8,99.8727411555103,57.5783,85.42238,40002.4762252856,29232.4397928178,2124.74,4411.48888313938,63.888,42.1159418336413
1992-09-01,141.1,100.381776533469,57.52805,85.72140999999999,40002.4762252856,29232.4397928178,2124.74,4411.48888313938,63.888,42.1159418336413
1992-10-01,141.7,100.279969457877,57.62854,86.21979,40002.4762252856,29232.4397928178,2124.74,4411.48888313938,63.888,42.1159418336413
1992-11-01,142.1,99.9745482311021,57.72902,86.12011,40002.4762252856,29232.4397928178,2124.74,4411.48888313938,63.888,42.1159418336413
1992-12-01,142.3,99.7709340799186,57.82951,86.81784,40002.4762252856,29232.4397928178,2124.74,4411.48888313938,63.888,42.1159418336413
1993-01-01,142.8,99.7709340799186,58.03048,83.12983,40002.4762252856,29232.4397928178,2124.74,4411.48888313938,63.888,42.1159418336413
1993-02-01,143.1,99.8727411555103,58.13097,86.12011,40002.4762252856,29232.4397928178,2124.74,4411.48888313938,63.888,42.1159418336413
1993-03-01,143.3,100.381776533469,58.23145,85.92076,40002.4762252856,29232.4397928178,2124.74,4411.48888313938,63.888,42.1159418336413
1993-04-01,143.8,100.890811911428,58.48267,86.51881,40002.4762252856,29232.4397928178,2124.74,4411.48888313938,63.888,42.1159418336413
1993-05-01,144.2,101.298040213795,58.58315,87.0172,40002.4762252856,29232.4397928178,2124.74,4411.48888313938,63.888,42.1159418336413
1993-06-01,144.3,101.094426062611,58.6334,85.52206,40002.4762252856,29232.4397928178,2124.74,4411.48888313938,63.888,42.1159418336413
1993-07-01,144.5,101.399847289387,58.733880000000006,86.91752,40002.4762252856,29232.4397928178,2124.74,4411.48888313938,63.888,42.1159418336413
1993-08-01,144.8,101.705268516162,58.88461,87.61525,41106.988184368,29466.7552451756,2815.756,4692.74991001332,64.203,55.1119058491208
1993-09-01,145.0,101.705268516162,59.08558000000001,86.71816,41106.988184368,29466.7552451756,2815.756,4692.74991001332,64.203,55.1119058491208
1993-10-01,145.6,101.60346144057,59.23631,86.51881,41106.988184368,29466.7552451756,2815.756,4692.74991001332,64.203,55.1119058491208
1993-11-01,146.0,100.890811911428,59.43728,87.31622,41106.988184368,29466.7552451756,2815.756,4692.74991001332,64.203,55.1119058491208
1993-12-01,146.3,101.094426062611,59.6885,86.51881,41106.988184368,29466.7552451756,2815.756,4692.74991001332,64.203,55.1119058491208
1994-01-01,146.3,101.196233138203,59.73874,86.51881,41106.988184368,29466.7552451756,2815.756,4692.74991001332,64.203,55.1119058491208
1994-02-01,146.7,101.298040213795,60.14068,87.31622,41106.988184368,29466.7552451756,2815.756,4692.74991001332,64.203,55.1119058491208
1994-03-01,147.1,101.705268516162,60.0402,87.71493000000001,41106.988184368,29466.7552451756,2815.756,4692.74991001332,64.203,55.1119058491208
1994-04-01,147.2,101.705268516162,60.09044,88.01395,41106.988184368,29466.7552451756,2815.756,4692.74991001332,64.203,55.1119058491208
1994-05-01,147.5,101.908882667345,60.19092,87.91428,41106.988184368,29466.7552451756,2815.756,4692.74991001332,64.203,55.1119058491208
1994-06-01,147.9,101.60346144057,60.34165,92.69873,41106.988184368,29466.7552451756,2815.756,4692.74991001332,64.203,55.1119058491208
1994-07-01,148.4,101.094426062611,60.3919,83.12983,41106.988184368,29466.7552451756,2815.756,4692.74991001332,64.203,55.1119058491208
1994-08-01,149.0,101.60346144057,60.54261999999999,86.91752,41710.8207249566,30171.1637924347,3169.909,4973.9829007093895,64.7245,60.7712223705867
1994-09-01,149.3,101.908882667345,60.7436,89.50909,41710.8207249566,30171.1637924347,3169.909,4973.9829007093895,64.7245,60.7712223705867
1994-10-01,149.4,102.417918045304,60.844080000000005,89.70845,41710.8207249566,30171.1637924347,3169.909,4973.9829007093895,64.7245,60.7712223705867
1994-11-01,149.8,102.112496818529,61.04505,90.50586,41710.8207249566,30171.1637924347,3169.909,4973.9829007093895,64.7245,60.7712223705867
1994-12-01,150.1,101.60346144057,61.14554,88.41266,41710.8207249566,30171.1637924347,3169.909,4973.9829007093895,64.7245,60.7712223705867
1995-01-01,150.5,101.705268516162,61.29626,90.10715,41710.8207249566,30171.1637924347,3169.909,4973.9829007093895,64.7245,60.7712223705867
1995-02-01,150.9,101.399847289387,61.497240000000005,90.3065,41710.8207249566,30171.1637924347,3169.909,4973.9829007093895,64.7245,60.7712223705867
1995-03-01,151.2,101.399847289387,61.497240000000005,90.50586,41710.8207249566,30171.1637924347,3169.909,4973.9829007093895,64.7245,60.7712223705867
1995-04-01,151.8,101.501654364978,61.54748000000001,90.90456,41710.8207249566,30171.1637924347,3169.909,4973.9829007093895,64.7245,60.7712223705867
1995-05-01,152.1,101.705268516162,61.69821,90.90456,41710.8207249566,30171.1637924347,3169.909,4973.9829007093895,64.7245,60.7712223705867
1995-06-01,152.4,101.501654364978,61.84894,92.99776,41710.8207249566,30171.1637924347,3169.909,4973.9829007093895,64.7245,60.7712223705867
1995-07-01,152.6,100.99261898702,62.25088,89.30975,41710.8207249566,30171.1637924347,3169.909,4973.9829007093895,64.7245,60.7712223705867
1995-08-01,152.9,101.196233138203,62.30112,87.31622,42783.8165697826,31046.1701544648,3503.115,5224.81093913573,64.49849999999999,65.410061690325
1995-09-01,153.1,101.807075591754,62.35136,91.30326,42783.8165697826,31046.1701544648,3503.115,5224.81093913573,64.49849999999999,65.410061690325
1995-10-01,153.5,101.501654364978,62.50209,91.50262,42783.8165697826,31046.1701544648,3503.115,5224.81093913573,64.49849999999999,65.410061690325
1995-11-01,153.7,101.094426062611,62.55234,91.30326,42783.8165697826,31046.1701544648,3503.115,5224.81093913573,64.49849999999999,65.410061690325
1995-12-01,153.9,101.094426062611,62.75331,92.89808,42783.8165697826,31046.1701544648,3503.115,5224.81093913573,64.49849999999999,65.410061690325
1996-01-01,154.7,101.196233138203,63.305980000000005,89.40942,42783.8165697826,31046.1701544648,3503.115,5224.81093913573,64.49849999999999,65.410061690325
1996-02-01,155.0,101.094426062611,63.10501,92.49937,42783.8165697826,31046.1701544648,3503.115,5224.81093913573,64.49849999999999,65.410061690325
1996-03-01,155.5,101.196233138203,62.80355,92.79841,42783.8165697826,31046.1701544648,3503.115,5224.81093913573,64.49849999999999,65.410061690325
1996-04-01,156.1,101.705268516162,63.75816,92.69873,42783.8165697826,31046.1701544648,3503.115,5224.81093913573,64.49849999999999,65.410061690325
1996-05-01,156.4,101.807075591754,63.85865,92.79841,42783.8165697826,31046.1701544648,3503.115,5224.81093913573,64.49849999999999,65.410061690325
1996-06-01,156.7,101.399847289387,64.10986,93.39646,42783.8165697826,31046.1701544648,3503.115,5224.81093913573,64.49849999999999,65.410061690325
1996-07-01,157.0,101.399847289387,64.31084,93.29678,42783.8165697826,31046.1701544648,3503.115,5224.81093913573,64.49849999999999,65.410061690325
1996-08-01,157.2,101.196233138203,64.41131999999999,94.09419,44151.6860414367,31276.1930771932,3967.703,5413.14601139734,63.1775,72.9967174775097
1996-09-01,157.7,101.399847289387,64.56205,93.79517,44151.6860414367,31276.1930771932,3967.703,5413.14601139734,63.1775,72.9967174775097
1996-10-01,158.2,101.501654364978,64.46155999999999,93.79517,44151.6860414367,31276.1930771932,3967.703,5413.14601139734,63.1775,72.9967174775097
1996-11-01,158.7,101.196233138203,64.71278000000001,93.49614,44151.6860414367,31276.1930771932,3967.703,5413.14601139734,63.1775,72.9967174775097
1996-12-01,159.1,101.298040213795,65.06448,94.8916,44151.6860414367,31276.1930771932,3967.703,5413.14601139734,63.1775,72.9967174775097
1997-01-01,159.4,101.196233138203,65.26545,97.48318,44151.6860414367,31276.1930771932,3967.703,5413.14601139734,63.1775,72.9967174775097
1997-02-01,159.7,101.094426062611,65.26545,94.8916,44151.6860414367,31276.1930771932,3967.703,5413.14601139734,63.1775,72.9967174775097
1997-03-01,159.8,101.196233138203,65.51666,94.79192,44151.6860414367,31276.1930771932,3967.703,5413.14601139734,63.1775,72.9967174775097
1997-04-01,159.9,102.926953423263,65.46642,94.99128,44151.6860414367,31276.1930771932,3967.703,5413.14601139734,63.1775,72.9967174775097
1997-05-01,159.9,103.232374650038,65.66739,95.19063,44151.6860414367,31276.1930771932,3967.703,5413.14601139734,63.1775,72.9967174775097
1997-06-01,160.2,103.232374650038,65.76788,95.88836,44151.6860414367,31276.1930771932,3967.703,5413.14601139734,63.1775,72.9967174775097
1997-07-01,160.4,102.825146347671,65.81812,96.9848,44151.6860414367,31276.1930771932,3967.703,5413.14601139734,63.1775,72.9967174775097
1997-08-01,160.8,102.825146347671,66.16982,96.68577,45596.4306843475,30795.0888900928,4317.639,5526.1930088976205,61.339,80.4782837717387
1997-09-01,161.2,103.639602952405,66.22006,94.79192,45596.4306843475,30795.0888900928,4317.639,5526.1930088976205,61.339,80.4782837717387
1997-10-01,161.5,103.94502417918,66.77274,94.79192,45596.4306843475,30795.0888900928,4317.639,5526.1930088976205,61.339,80.4782837717387
1997-11-01,161.7,103.232374650038,66.97371,94.99128,45596.4306843475,30795.0888900928,4317.639,5526.1930088976205,61.339,80.4782837717387
1997-12-01,161.8,103.130567574446,67.07419,97.08447,45596.4306843475,30795.0888900928,4317.639,5526.1930088976205,61.339,80.4782837717387
1998-01-01,162.0,103.232374650038,67.02395,96.48642,45596.4306843475,30795.0888900928,4317.639,5526.1930088976205,61.339,80.4782837717387
1998-02-01,162.0,103.130567574446,67.27516,94.69225,45596.4306843475,30795.0888900928,4317.639,5526.1930088976205,61.339,80.4782837717387
1998-03-01,162.0,103.435988801222,67.47614,94.39322,45596.4306843475,30795.0888900928,4317.639,5526.1930088976205,61.339,80.4782837717387
1998-04-01,162.2,103.639602952405,67.32540999999999,94.29355,45596.4306843475,30795.0888900928,4317.639,5526.1930088976205,61.339,80.4782837717387
1998-05-01,162.6,104.046831254772,67.57661999999999,94.79192,45596.4306843475,30795.0888900928,4317.639,5526.1930088976205,61.339,80.4782837717387
1998-06-01,162.8,103.639602952405,67.47614,95.78869,45596.4306843475,30795.0888900928,4317.639,5526.1930088976205,61.339,80.4782837717387
1998-07-01,163.2,102.825146347671,67.02395,95.29031,45596.4306843475,30795.0888900928,4317.639,5526.1930088976205,61.339,80.4782837717387
1998-08-01,163.4,102.723339272079,67.62686,93.99451,47234.2455275229,30636.266116943,4787.154,5656.2709016154295,58.99425,90.653794128391
1998-09-01,163.5,103.537795876813,67.92832,94.39322,47234.2455275229,30636.266116943,4787.154,5656.2709016154295,58.99425,90.653794128391
1998-10-01,163.9,104.352252481547,67.92832,94.79192,47234.2455275229,30636.266116943,4787.154,5656.2709016154295,58.99425,90.653794128391
1998-11-01,164.1,104.250445405956,68.02881,96.18739,47234.2455275229,30636.266116943,4787.154,5656.2709016154295,58.99425,90.653794128391
1998-12-01,164.4,103.94502417918,68.1293,93.99451,47234.2455275229,30636.266116943,4787.154,5656.2709016154295,58.99425,90.653794128391
1999-01-01,164.7,103.33418172563,68.28002,93.89484,47234.2455275229,30636.266116943,4787.154,5656.2709016154295,58.99425,90.653794128391
1999-02-01,164.7,102.926953423263,68.48100000000001,94.59258,47234.2455275229,30636.266116943,4787.154,5656.2709016154295,58.99425,90.653794128391
1999-03-01,164.8,103.028760498855,68.78245,94.79192,47234.2455275229,30636.266116943,4787.154,5656.2709016154295,58.99425,90.653794128391
1999-04-01,165.9,103.435988801222,68.98342,94.79192,47234.2455275229,30636.266116943,4787.154,5656.2709016154295,58.99425,90.653794128391
1999-05-01,166.0,103.435988801222,69.33511999999999,94.59258,47234.2455275229,30636.266116943,4787.154,5656.2709016154295,58.99425,90.653794128391
1999-06-01,166.0,103.232374650038,69.63656999999999,91.80164,47234.2455275229,30636.266116943,4787.154,5656.2709016154295,58.99425,90.653794128391
1999-07-01,166.7,102.723339272079,69.88779,93.29678,47234.2455275229,30636.266116943,4787.154,5656.2709016154295,58.99425,90.653794128391
1999-08-01,167.1,103.028760498855,70.03851999999999,94.39322,48616.25462578,31430.6311303282,5297.092,5674.178209886861,55.614,98.9338230693531
1999-09-01,167.8,103.435988801222,70.28973,95.38998,48616.25462578,31430.6311303282,5297.092,5674.178209886861,55.614,98.9338230693531
1999-10-01,168.1,103.435988801222,70.28973,95.38998,48616.25462578,31430.6311303282,5297.092,5674.178209886861,55.614,98.9338230693531
1999-11-01,168.4,102.926953423263,70.39022,95.98804,48616.25462578,31430.6311303282,5297.092,5674.178209886861,55.614,98.9338230693531
1999-12-01,168.8,102.519725120896,70.64143,93.09743,48616.25462578,31430.6311303282,5297.092,5674.178209886861,55.614,98.9338230693531
2000-01-01,169.3,102.316110969712,70.99313000000001,96.5861,48616.25462578,31430.6311303282,5297.092,5674.178209886861,55.614,98.9338230693531
2000-02-01,170.0,102.112496818529,71.04337,95.78869,48616.25462578,31430.6311303282,5297.092,5674.178209886861,55.614,98.9338230693531
2000-03-01,171.0,102.316110969712,71.19411,96.28706,48616.25462578,31430.6311303282,5297.092,5674.178209886861,55.614,98.9338230693531
2000-04-01,170.9,102.621532196488,71.49556,96.38674,48616.25462578,31430.6311303282,5297.092,5674.178209886861,55.614,98.9338230693531
2000-05-01,171.2,102.519725120896,71.44532,96.28706,48616.25462578,31430.6311303282,5297.092,5674.178209886861,55.614,98.9338230693531
2000-06-01,172.2,102.112496818529,71.84725999999999,94.59258,48616.25462578,31430.6311303282,5297.092,5674.178209886861,55.614,98.9338230693531
2000-07-01,172.7,101.908882667345,71.99799,95.29031,48616.25462578,31430.6311303282,5297.092,5674.178209886861,55.614,98.9338230693531
2000-08-01,172.7,102.112496818529,72.14872,96.9848,48597.4246142005,31476.052066579,5467.888,5807.46341220006,54.9315,102.846758013061
2000-09-01,173.6,102.112496818529,72.34969,96.28706,48597.4246142005,31476.052066579,5467.888,5807.46341220006,54.9315,102.846758013061
2000-10-01,173.9,101.908882667345,72.75163,96.28706,48597.4246142005,31476.052066579,5467.888,5807.46341220006,54.9315,102.846758013061
2000-11-01,174.2,101.60346144057,72.95260999999999,95.58933,48597.4246142005,31476.052066579,5467.888,5807.46341220006,54.9315,102.846758013061
2000-12-01,174.6,101.705268516162,72.85212,96.08772,48597.4246142005,31476.052066579,5467.888,5807.46341220006,54.9315,102.846758013061
2001-01-01,175.6,101.60346144057,72.75163,96.68577,48597.4246142005,31476.052066579,5467.888,5807.46341220006,54.9315,102.846758013061
2001-02-01,176.0,101.196233138203,73.10333,96.38674,48597.4246142005,31476.052066579,5467.888,5807.46341220006,54.9315,102.846758013061
2001-03-01,176.1,100.99261898702,73.25406,96.08772,48597.4246142005,31476.052066579,5467.888,5807.46341220006,54.9315,102.846758013061
2001-04-01,176.4,101.298040213795,73.50527,95.98804,48597.4246142005,31476.052066579,5467.888,5807.46341220006,54.9315,102.846758013061
2001-05-01,177.3,101.399847289387,73.80673,95.78869,48597.4246142005,31476.052066579,5467.888,5807.46341220006,54.9315,102.846758013061
2001-06-01,177.7,100.99261898702,74.05795,96.28706,48597.4246142005,31476.052066579,5467.888,5807.46341220006,54.9315,102.846758013061
2001-07-01,177.4,100.789004835836,74.45989,96.68577,48597.4246142005,31476.052066579,5467.888,5807.46341220006,54.9315,102.846758013061
2001-08-01,177.4,101.094426062611,74.61062,96.5861,48967.3661201159,31416.1241772435,5867.671,6228.23596559716,56.645250000000004,111.876249693267
2001-09-01,178.1,100.890811911428,74.81159,95.38998,48967.3661201159,31416.1241772435,5867.671,6228.23596559716,56.645250000000004,111.876249693267
2001-10-01,177.6,100.789004835836,74.81159,95.38998,48967.3661201159,31416.1241772435,5867.671,6228.23596559716,56.645250000000004,111.876249693267
2001-11-01,177.5,100.279969457877,75.16329,95.48966,48967.3661201159,31416.1241772435,5867.671,6228.23596559716,56.645250000000004,111.876249693267
2001-12-01,177.4,100.178162382286,75.41450999999999,94.69225,48967.3661201159,31416.1241772435,5867.671,6228.23596559716,56.645250000000004,111.876249693267
2002-01-01,177.7,99.8727411555103,75.56523,94.99128,48967.3661201159,31416.1241772435,5867.671,6228.23596559716,56.645250000000004,111.876249693267
2002-02-01,178.0,99.4655128531433,75.91693000000001,95.29031,48967.3661201159,31416.1241772435,5867.671,6228.23596559716,56.645250000000004,111.876249693267
2002-03-01,178.5,99.7709340799186,76.1179,94.69225,48967.3661201159,31416.1241772435,5867.671,6228.23596559716,56.645250000000004,111.876249693267
2002-04-01,179.3,99.9745482311021,76.21839,95.98804,48967.3661201159,31416.1241772435,5867.671,6228.23596559716,56.645250000000004,111.876249693267
2002-05-01,179.5,100.178162382286,76.57009000000001,95.09096,48967.3661201159,31416.1241772435,5867.671,6228.23596559716,56.645250000000004,111.876249693267
2002-06-01,179.6,100.076355306694,76.72081999999999,93.59581,48967.3661201159,31416.1241772435,5867.671,6228.23596559716,56.645250000000004,111.876249693267
2002-07-01,180.0,99.8727411555103,76.87154,92.59905,48967.3661201159,31416.1241772435,5867.671,6228.23596559716,56.645250000000004,111.876249693267
2002-08-01,180.5,100.178162382286,77.02228000000001,94.79192,49905.5233074237,31830.2175849262,6387.98,6783.23106274362,58.7175,121.915320879915
2002-09-01,180.8,100.076355306694,77.22324,96.48642,49905.5233074237,31830.2175849262,6387.98,6783.23106274362,58.7175,121.915320879915
2002-10-01,181.2,99.9745482311021,77.67543,96.28706,49905.5233074237,31830.2175849262,6387.98,6783.23106274362,58.7175,121.915320879915
2002-11-01,181.5,99.9745482311021,77.82616,95.68901,49905.5233074237,31830.2175849262,6387.98,6783.23106274362,58.7175,121.915320879915
2002-12-01,181.8,99.8727411555103,78.07738,93.89484,49905.5233074237,31830.2175849262,6387.98,6783.23106274362,58.7175,121.915320879915
2003-01-01,182.6,99.567319928735,78.32859,96.5861,49905.5233074237,31830.2175849262,6387.98,6783.23106274362,58.7175,121.915320879915
2003-02-01,183.6,99.2618987019598,78.47932,96.68577,49905.5233074237,31830.2175849262,6387.98,6783.23106274362,58.7175,121.915320879915
2003-03-01,183.9,99.4655128531433,78.5798,96.68577,49905.5233074237,31830.2175849262,6387.98,6783.23106274362,58.7175,121.915320879915
2003-04-01,183.2,99.7709340799186,78.52956,97.48318,49905.5233074237,31830.2175849262,6387.98,6783.23106274362,58.7175,121.915320879915
2003-05-01,182.9,99.8727411555103,78.83102,97.08447,49905.5233074237,31830.2175849262,6387.98,6783.23106274362,58.7175,121.915320879915
2003-06-01,183.1,99.7709340799186,78.98174,97.38351,49905.5233074237,31830.2175849262,6387.98,6783.23106274362,58.7175,121.915320879915
2003-07-01,183.7,99.3637057775515,79.18271999999999,96.28706,49905.5233074237,31830.2175849262,6387.98,6783.23106274362,58.7175,121.915320879915
2003-08-01,184.5,99.567319928735,79.2832,96.38674,51348.3473376223,32515.1158024317,6752.383,7379.05269633032,60.11625,127.547629783025
2003-09-01,185.1,99.6691270043268,79.53442,97.68253,51348.3473376223,32515.1158024317,6752.383,7379.05269633032,60.11625,127.547629783025
2003-10-01,184.9,99.6691270043268,79.53442,98.57961,51348.3473376223,32515.1158024317,6752.383,7379.05269633032,60.11625,127.547629783025
2003-11-01,185.0,99.2618987019598,79.88611999999999,95.58933,51348.3473376223,32515.1158024317,6752.383,7379.05269633032,60.11625,127.547629783025
2003-12-01,185.5,99.4655128531433,79.9866,97.28383,51348.3473376223,32515.1158024317,6752.383,7379.05269633032,60.11625,127.547629783025
2004-01-01,186.3,99.0582845507763,80.13733,98.47994,51348.3473376223,32515.1158024317,6752.383,7379.05269633032,60.11625,127.547629783025
2004-02-01,186.7,99.0582845507763,80.23782,98.97832,51348.3473376223,32515.1158024317,6752.383,7379.05269633032,60.11625,127.547629783025
2004-03-01,187.1,99.3637057775515,80.43879,98.87865,51348.3473376223,32515.1158024317,6752.383,7379.05269633032,60.11625,127.547629783025
2004-04-01,187.4,99.4655128531433,80.69,98.38026,51348.3473376223,32515.1158024317,6752.383,7379.05269633032,60.11625,127.547629783025
2004-05-01,188.2,99.567319928735,80.74024,99.27735,51348.3473376223,32515.1158024317,6752.383,7379.05269633032,60.11625,127.547629783025
2004-06-01,188.9,99.6691270043268,80.94122,99.17767,51348.3473376223,32515.1158024317,6752.383,7379.05269633032,60.11625,127.547629783025
2004-07-01,189.1,99.160091626368,80.99146,98.18092,51348.3473376223,32515.1158024317,6752.383,7379.05269633032,60.11625,127.547629783025
2004-08-01,189.2,99.3637057775515,81.3934,100.3738,52649.5713054684,33098.5474664872,6827.249,7932.7096617235,60.8085,128.207492888471
2004-09-01,189.8,99.4655128531433,81.89583,99.27735,52649.5713054684,33098.5474664872,6827.249,7932.7096617235,60.8085,128.207492888471
2004-10-01,190.8,99.9745482311021,81.7451,98.77897,52649.5713054684,33098.5474664872,6827.249,7932.7096617235,60.8085,128.207492888471
2004-11-01,191.7,99.8727411555103,81.94608000000001,98.47994,52649.5713054684,33098.5474664872,6827.249,7932.7096617235,60.8085,128.207492888471
2004-12-01,191.7,99.4655128531433,82.0968,98.38026,52649.5713054684,33098.5474664872,6827.249,7932.7096617235,60.8085,128.207492888471
2005-01-01,191.6,99.0582845507763,82.29778,99.17767,52649.5713054684,33098.5474664872,6827.249,7932.7096617235,60.8085,128.207492888471
2005-02-01,192.4,98.752863324001,82.54899,98.97832,52649.5713054684,33098.5474664872,6827.249,7932.7096617235,60.8085,128.207492888471
2005-03-01,193.1,99.160091626368,82.59923,99.97508,52649.5713054684,33098.5474664872,6827.249,7932.7096617235,60.8085,128.207492888471
2005-04-01,193.7,99.160091626368,82.64948000000001,98.97832,52649.5713054684,33098.5474664872,6827.249,7932.7096617235,60.8085,128.207492888471
2005-05-01,193.6,99.3637057775515,83.05141,99.37702,52649.5713054684,33098.5474664872,6827.249,7932.7096617235,60.8085,128.207492888471
2005-06-01,193.7,98.9564774751845,83.10166,99.4767,52649.5713054684,33098.5474664872,6827.249,7932.7096617235,60.8085,128.207492888471
2005-07-01,194.9,98.752863324001,83.25239,100.8722,52649.5713054684,33098.5474664872,6827.249,7932.7096617235,60.8085,128.207492888471
2005-08-01,196.1,98.752863324001,83.55384000000001,98.18092,53596.3152372,33531.5185630775,6882.271,8506.97389921523,61.484249999999996,128.599667918729
2005-09-01,198.8,99.0582845507763,83.40311,99.078,53596.3152372,33531.5185630775,6882.271,8506.97389921523,61.484249999999996,128.599667918729
2005-10-01,199.1,99.0582845507763,83.8553,99.078,53596.3152372,33531.5185630775,6882.271,8506.97389921523,61.484249999999996,128.599667918729
2005-11-01,198.1,98.752863324001,83.75480999999999,100.8722,53596.3152372,33531.5185630775,6882.271,8506.97389921523,61.484249999999996,128.599667918729
2005-12-01,198.1,98.752863324001,83.80506,99.67606,53596.3152372,33531.5185630775,6882.271,8506.97389921523,61.484249999999996,128.599667918729
2006-01-01,199.3,98.752863324001,83.8553,99.27735,53596.3152372,33531.5185630775,6882.271,8506.97389921523,61.484249999999996,128.599667918729
2006-02-01,199.4,98.4474420972258,83.90554,99.97508,53596.3152372,33531.5185630775,6882.271,8506.97389921523,61.484249999999996,128.599667918729
2006-03-01,199.7,98.752863324001,83.95579000000001,99.8754,53596.3152372,33531.5185630775,6882.271,8506.97389921523,61.484249999999996,128.599667918729
2006-04-01,200.7,99.0582845507763,84.10651,100.7725,53596.3152372,33531.5185630775,6882.271,8506.97389921523,61.484249999999996,128.599667918729
2006-05-01,201.3,99.3637057775515,84.25724,99.8754,53596.3152372,33531.5185630775,6882.271,8506.97389921523,61.484249999999996,128.599667918729
2006-06-01,201.8,99.2618987019598,84.30749,101.7692,53596.3152372,33531.5185630775,6882.271,8506.97389921523,61.484249999999996,128.599667918729
2006-07-01,202.9,98.9564774751845,84.30749,101.9686,53596.3152372,33531.5185630775,6882.271,8506.97389921523,61.484249999999996,128.599667918729
2006-08-01,203.8,99.567319928735,84.5587,99.57638,54152.8292651299,33990.0360341685,7130.493,9007.65337226248,62.098000000000006,132.222046474041
2006-09-01,202.8,99.567319928735,84.5587,99.97508,54152.8292651299,33990.0360341685,7130.493,9007.65337226248,62.098000000000006,132.222046474041
2006-10-01,201.9,99.4655128531433,84.96064,99.97508,54152.8292651299,33990.0360341685,7130.493,9007.65337226248,62.098000000000006,132.222046474041
2006-11-01,202.0,98.9564774751845,85.06113,100.8722,54152.8292651299,33990.0360341685,7130.493,9007.65337226248,62.098000000000006,132.222046474041
2006-12-01,203.1,99.0582845507763,85.41283,102.2676,54152.8292651299,33990.0360341685,7130.493,9007.65337226248,62.098000000000006,132.222046474041
2007-01-01,203.437,98.8546703995928,85.46307,99.17767,54152.8292651299,33990.0360341685,7130.493,9007.65337226248,62.098000000000006,132.222046474041
2007-02-01,204.226,98.4474420972258,85.66404,99.8754,54152.8292651299,33990.0360341685,7130.493,9007.65337226248,62.098000000000006,132.222046474041
2007-03-01,205.288,98.8546703995928,85.91526,99.57638,54152.8292651299,33990.0360341685,7130.493,9007.65337226248,62.098000000000006,132.222046474041
2007-04-01,205.904,99.160091626368,86.41769000000001,100.0748,54152.8292651299,33990.0360341685,7130.493,9007.65337226248,62.098000000000006,132.222046474041
2007-05-01,206.755,99.3637057775515,86.56841,100.3738,54152.8292651299,33990.0360341685,7130.493,9007.65337226248,62.098000000000006,132.222046474041
2007-06-01,207.234,99.0582845507763,86.86986999999999,103.4637,54152.8292651299,33990.0360341685,7130.493,9007.65337226248,62.098000000000006,132.222046474041
2007-07-01,207.603,98.8546703995928,86.86986999999999,98.67929,54152.8292651299,33990.0360341685,7130.493,9007.65337226248,62.098000000000006,132.222046474041
2007-08-01,207.667,99.2618987019598,87.17133000000001,99.8754,53703.9628961267,33557.6454041531,7314.28,10024.72489691249,67.13875,138.574274218025
2007-09-01,208.547,99.4655128531433,87.27181,99.77573,53703.9628961267,33557.6454041531,7314.28,10024.72489691249,67.13875,138.574274218025
2007-10-01,209.19,99.567319928735,87.22157,100.1744,53703.9628961267,33557.6454041531,7314.28,10024.72489691249,67.13875,138.574274218025
2007-11-01,210.834,99.2618987019598,87.62351,100.4735,53703.9628961267,33557.6454041531,7314.28,10024.72489691249,67.13875,138.574274218025
2007-12-01,211.445,99.4655128531433,87.62351,101.9686,53703.9628961267,33557.6454041531,7314.28,10024.72489691249,67.13875,138.574274218025
2008-01-01,212.174,99.160091626368,87.92497,101.3705,53703.9628961267,33557.6454041531,7314.28,10024.72489691249,67.13875,138.574274218025
2008-02-01,212.687,98.8546703995928,88.27667,101.0715,53703.9628961267,33557.6454041531,7314.28,10024.72489691249,67.13875,138.574274218025
2008-03-01,213.448,99.4655128531433,88.57813,100.9718,53703.9628961267,33557.6454041531,7314.28,10024.72489691249,67.13875,138.574274218025
2008-04-01,213.942,99.7709340799186,88.57813,100.3738,53703.9628961267,33557.6454041531,7314.28,10024.72489691249,67.13875,138.574274218025
2008-05-01,215.208,100.279969457877,88.87959000000001,100.3738,53703.9628961267,33557.6454041531,7314.28,10024.72489691249,67.13875,138.574274218025
2008-06-01,217.463,100.483583609061,89.23129,104.3608,53703.9628961267,33557.6454041531,7314.28,10024.72489691249,67.13875,138.574274218025
2008-07-01,219.016,100.381776533469,89.43226,101.2709,53703.9628961267,33557.6454041531,7314.28,10024.72489691249,67.13875,138.574274218025
2008-08-01,218.69,100.483583609061,89.43226,99.4767,51863.6183411923,31651.0837739853,7769.765,11909.82900351175,80.96025,156.984485342014
2008-09-01,218.877,100.789004835836,89.58298,98.87865,51863.6183411923,31651.0837739853,7769.765,11909.82900351175,80.96025,156.984485342014
2008-10-01,216.995,100.687197760244,89.88445,99.078,51863.6183411923,31651.0837739853,7769.765,11909.82900351175,80.96025,156.984485342014
2008-11-01,213.153,100.381776533469,90.1859,99.17767,51863.6183411923,31651.0837739853,7769.765,11909.82900351175,80.96025,156.984485342014
2008-12-01,211.398,100.279969457877,90.43711,99.67606,51863.6183411923,31651.0837739853,7769.765,11909.82900351175,80.96025,156.984485342014
2009-01-01,211.933,99.6691270043268,90.48736,94.8916,51863.6183411923,31651.0837739853,7769.765,11909.82900351175,80.96025,156.984485342014
2009-02-01,212.705,99.3637057775515,90.8893,93.99451,51863.6183411923,31651.0837739853,7769.765,11909.82900351175,80.96025,156.984485342014
2009-03-01,212.495,99.6691270043268,91.09027,93.69549,51863.6183411923,31651.0837739853,7769.765,11909.82900351175,80.96025,156.984485342014
2009-04-01,212.709,99.6691270043268,91.241,93.89484,51863.6183411923,31651.0837739853,7769.765,11909.82900351175,80.96025,156.984485342014
2009-05-01,213.022,99.4655128531433,91.09027,93.99451,51863.6183411923,31651.0837739853,7769.765,11909.82900351175,80.96025,156.984485342014
2009-06-01,214.79,99.0582845507763,91.34148,87.61525,51863.6183411923,31651.0837739853,7769.765,11909.82900351175,80.96025,156.984485342014
2009-07-01,214.726,98.6510562484093,91.9444,92.30003,51863.6183411923,31651.0837739853,7769.765,11909.82900351175,80.96025,156.984485342014
2009-08-01,215.445,98.8546703995928,92.04488,94.8916,52821.4047643404,32942.2020783725,8113.67,13561.62303089179,88.95400000000001,160.498098433606
2009-09-01,215.861,98.752863324001,92.54731,95.58933,52821.4047643404,32942.2020783725,8113.67,13561.62303089179,88.95400000000001,160.498098433606
2009-10-01,216.509,98.345635021634,92.34634,95.78869,52821.4047643404,32942.2020783725,8113.67,13561.62303089179,88.95400000000001,160.498098433606
2009-11-01,217.234,98.1420208704505,92.54731,94.69225,52821.4047643404,32942.2020783725,8113.67,13561.62303089179,88.95400000000001,160.498098433606
2009-12-01,217.347,98.0402137948587,92.54731,90.80489,52821.4047643404,32942.2020783725,8113.67,13561.62303089179,88.95400000000001,160.498098433606
2010-01-01,217.488,97.8365996436752,92.59756,96.88512,52821.4047643404,32942.2020783725,8113.67,13561.62303089179,88.95400000000001,160.498098433606
2010-02-01,217.281,97.8365996436752,92.84877,97.38351,52821.4047643404,32942.2020783725,8113.67,13561.62303089179,88.95400000000001,160.498098433606
2010-03-01,217.353,98.2438279460422,92.79852,97.58286,52821.4047643404,32942.2020783725,8113.67,13561.62303089179,88.95400000000001,160.498098433606
2010-04-01,217.403,98.4474420972258,92.9995,98.67929,52821.4047643404,32942.2020783725,8113.67,13561.62303089179,88.95400000000001,160.498098433606
2010-05-01,217.29,98.2438279460422,93.3512,98.18092,52821.4047643404,32942.2020783725,8113.67,13561.62303089179,88.95400000000001,160.498098433606
2010-06-01,217.199,97.938406719267,93.30096,93.09743,52821.4047643404,32942.2020783725,8113.67,13561.62303089179,88.95400000000001,160.498098433606
2010-07-01,217.605,97.3275642657165,93.65266,96.78545,52821.4047643404,32942.2020783725,8113.67,13561.62303089179,88.95400000000001,160.498098433606
2010-08-01,217.923,97.7347925680835,93.7029,98.47994,53259.2552138539,33011.13423011,8733.593,14790.340328557151,93.9405,175.567641219028
2010-09-01,218.275,97.8365996436752,94.00436,98.77897,53259.2552138539,33011.13423011,8733.593,14790.340328557151,93.9405,175.567641219028
2010-10-01,219.035,98.345635021634,94.0546,98.18092,53259.2552138539,33011.13423011,8733.593,14790.340328557151,93.9405,175.567641219028
2010-11-01,219.59,98.0402137948587,94.25557,98.67929,53259.2552138539,33011.13423011,8733.593,14790.340328557151,93.9405,175.567641219028
2010-12-01,220.472,97.6329854924917,94.4063,94.8916,53259.2552138539,33011.13423011,8733.593,14790.340328557151,93.9405,175.567641219028
2011-01-01,221.187,97.3275642657165,94.95897,99.57638,53259.2552138539,33011.13423011,8733.593,14790.340328557151,93.9405,175.567641219028
2011-02-01,221.898,97.3275642657165,95.05946,98.67929,53259.2552138539,33011.13423011,8733.593,14790.340328557151,93.9405,175.567641219028
2011-03-01,223.046,97.5311784169,94.95897,99.17767,53259.2552138539,33011.13423011,8733.593,14790.340328557151,93.9405,175.567641219028
2011-04-01,224.093,97.7347925680835,95.00921,98.08124,53259.2552138539,33011.13423011,8733.593,14790.340328557151,93.9405,175.567641219028
2011-05-01,224.806,97.6329854924917,95.05946,97.78221,53259.2552138539,33011.13423011,8733.593,14790.340328557151,93.9405,175.567641219028
2011-06-01,224.806,97.3275642657165,94.95897,97.88188,53259.2552138539,33011.13423011,8733.593,14790.340328557151,93.9405,175.567641219028
2011-07-01,225.395,97.4293713413082,95.1097,99.57638,53259.2552138539,33011.13423011,8733.593,14790.340328557151,93.9405,175.567641219028
2011-08-01,226.106,97.4293713413082,94.95897,97.98156,54080.2286497215,33518.444936892,9194.031,16066.24140738589,98.3685,183.706209324867
2011-09-01,226.597,97.6329854924917,94.95897,99.37702,54080.2286497215,33518.444936892,9194.031,16066.24140738589,98.3685,183.706209324867
2011-10-01,226.75,97.8365996436752,95.36091,99.67606,54080.2286497215,33518.444936892,9194.031,16066.24140738589,98.3685,183.706209324867
2011-11-01,227.169,97.2257571901247,95.31067,100.4735,54080.2286497215,33518.444936892,9194.031,16066.24140738589,98.3685,183.706209324867
2011-12-01,227.223,97.3275642657165,95.41116,99.27735,54080.2286497215,33518.444936892,9194.031,16066.24140738589,98.3685,183.706209324867
2012-01-01,227.842,97.0221430389412,95.56188,98.67929,54080.2286497215,33518.444936892,9194.031,16066.24140738589,98.3685,183.706209324867
2012-02-01,228.329,97.0221430389412,95.51164,100.1744,54080.2286497215,33518.444936892,9194.031,16066.24140738589,98.3685,183.706209324867
2012-03-01,228.807,97.4293713413082,95.56188,100.0748,54080.2286497215,33518.444936892,9194.031,16066.24140738589,98.3685,183.706209324867
2012-04-01,229.187,97.4293713413082,95.96382,99.4767,54080.2286497215,33518.444936892,9194.031,16066.24140738589,98.3685,183.706209324867
2012-05-01,228.713,97.123950114533,95.61212,99.57638,54080.2286497215,33518.444936892,9194.031,16066.24140738589,98.3685,183.706209324867
2012-06-01,228.524,96.8185288877577,95.8131,98.97832,54080.2286497215,33518.444936892,9194.031,16066.24140738589,98.3685,183.706209324867
2012-07-01,228.59,96.6149147365742,96.01407,95.68901,54080.2286497215,33518.444936892,9194.031,16066.24140738589,98.3685,183.706209324867
2012-08-01,229.918,96.8185288877577,95.71261,99.17767,54844.2425797154,34239.8862473683,9490.537,16738.18352669732,100.05,186.564297348971
2012-09-01,231.015,96.9203359633494,95.8131,97.98156,54844.2425797154,34239.8862473683,9490.537,16738.18352669732,100.05,186.564297348971
2012-10-01,231.638,97.0221430389412,95.91358,97.58286,54844.2425797154,34239.8862473683,9490.537,16738.18352669732,100.05,186.564297348971
2012-11-01,231.249,96.7167218121659,96.11456,96.38674,54844.2425797154,34239.8862473683,9490.537,16738.18352669732,100.05,186.564297348971
2012-12-01,231.221,96.7167218121659,96.11456,97.18415,54844.2425797154,34239.8862473683,9490.537,16738.18352669732,100.05,186.564297348971
2013-01-01,231.679,96.5131076609824,96.31552,98.77897,54844.2425797154,34239.8862473683,9490.537,16738.18352669732,100.05,186.564297348971
2013-02-01,232.937,96.2076864342072,96.56674,98.67929,54844.2425797154,34239.8862473683,9490.537,16738.18352669732,100.05,186.564297348971
2013-03-01,232.282,96.5131076609824,96.51649,97.58286,54844.2425797154,34239.8862473683,9490.537,16738.18352669732,100.05,186.564297348971
2013-04-01,231.797,96.8185288877577,96.61698,98.47994,54844.2425797154,34239.8862473683,9490.537,16738.18352669732,100.05,186.564297348971
2013-05-01,231.893,96.9203359633494,96.66723,98.57961,54844.2425797154,34239.8862473683,9490.537,16738.18352669732,100.05,186.564297348971
2013-06-01,232.445,96.8185288877577,96.86819,98.08124,54844.2425797154,34239.8862473683,9490.537,16738.18352669732,100.05,186.564297348971
2013-07-01,232.9,97.0221430389412,96.81796,96.18739,54844.2425797154,34239.8862473683,9490.537,16738.18352669732,100.05,186.564297348971
2013-08-01,233.456,97.2257571901247,97.06917,97.98156,55817.5632471958,34386.905855287,9967.026,17824.07138073382,101.428,192.112850344345
2013-09-01,233.544,97.4293713413082,97.16965,98.08124,55817.5632471958,34386.905855287,9967.026,17824.07138073382,101.428,192.112850344345
2013-10-01,233.669,97.6329854924917,97.27014,98.87865,55817.5632471958,34386.905855287,9967.026,17824.07138073382,101.428,192.112850344345
2013-11-01,234.1,97.6329854924917,97.47111,98.38026,55817.5632471958,34386.905855287,9967.026,17824.07138073382,101.428,192.112850344345
2013-12-01,234.719,97.6329854924917,97.77257,98.18092,55817.5632471958,34386.905855287,9967.026,17824.07138073382,101.428,192.112850344345
2014-01-01,235.288,97.2257571901247,97.72233,99.27735,55817.5632471958,34386.905855287,9967.026,17824.07138073382,101.428,192.112850344345
2014-02-01,235.547,97.3275642657165,97.92329,98.87865,55817.5632471958,34386.905855287,9967.026,17824.07138073382,101.428,192.112850344345
2014-03-01,236.028,97.7347925680835,98.12427,99.37702,55817.5632471958,34386.905855287,9967.026,17824.07138073382,101.428,192.112850344345
2014-04-01,236.468,99.6691270043268,97.92329,99.8754,55817.5632471958,34386.905855287,9967.026,17824.07138073382,101.428,192.112850344345
2014-05-01,236.918,99.9745482311021,98.07403,99.67606,55817.5632471958,34386.905855287,9967.026,17824.07138073382,101.428,192.112850344345
2014-06-01,237.231,99.7709340799186,98.22475,101.4702,55817.5632471958,34386.905855287,9967.026,17824.07138073382,101.428,192.112850344345
2014-07-01,237.498,99.7709340799186,98.42573,100.6728,55817.5632471958,34386.905855287,9967.026,17824.07138073382,101.428,192.112850344345
2014-08-01,237.46,99.9745482311021,98.52621,100.5731,57040.2082136605,34960.6393843385,10469.251,18150.61766648433,100.75725,194.584061217143
2014-09-01,237.477,100.178162382286,98.47597,99.37702,57040.2082136605,34960.6393843385,10469.251,18150.61766648433,100.75725,194.584061217143
2014-10-01,237.43,100.076355306694,98.72718,99.17767,57040.2082136605,34960.6393843385,10469.251,18150.61766648433,100.75725,194.584061217143
2014-11-01,236.983,99.6691270043268,98.67694,98.77897,57040.2082136605,34960.6393843385,10469.251,18150.61766648433,100.75725,194.584061217143
2014-12-01,236.252,99.7709340799186,98.62669,99.77573,57040.2082136605,34960.6393843385,10469.251,18150.61766648433,100.75725,194.584061217143
2015-01-01,234.747,99.567319928735,98.67694,99.4767,57040.2082136605,34960.6393843385,10469.251,18150.61766648433,100.75725,194.584061217143
2015-02-01,235.342,99.4655128531433,99.12913,99.17767,57040.2082136605,34960.6393843385,10469.251,18150.61766648433,100.75725,194.584061217143
2015-03-01,235.976,99.8727411555103,99.33009,99.77573,57040.2082136605,34960.6393843385,10469.251,18150.61766648433,100.75725,194.584061217143
2015-04-01,236.222,100.381776533469,99.48083,99.77573,57040.2082136605,34960.6393843385,10469.251,18150.61766648433,100.75725,194.584061217143
2015-05-01,237.001,100.483583609061,99.73204,100.0748,57040.2082136605,34960.6393843385,10469.251,18150.61766648433,100.75725,194.584061217143
2015-06-01,237.657,100.178162382286,100.0335,98.97832,57040.2082136605,34960.6393843385,10469.251,18150.61766648433,100.75725,194.584061217143
2015-07-01,238.034,99.9745482311021,100.1842,101.2709,57040.2082136605,34960.6393843385,10469.251,18150.61766648433,100.75725,194.584061217143
2015-08-01,238.033,100.076355306694,100.3852,99.67606,57658.6708825722,35242.1993771881,10518.781,19573.444713936788,103.95549999999999,193.23043783523
2015-09-01,237.498,100.178162382286,100.8374,100.4735,57658.6708825722,35242.1993771881,10518.781,19573.444713936788,103.95549999999999,193.23043783523
2015-10-01,237.733,100.178162382286,100.7871,100.3738,57658.6708825722,35242.1993771881,10518.781,19573.444713936788,103.95549999999999,193.23043783523
2015-11-01,238.017,99.7709340799186,100.7369,100.3738,57658.6708825722,35242.1993771881,10518.781,19573.444713936788,103.95549999999999,193.23043783523
2015-12-01,237.761,99.8727411555103,100.9881,100.5731,57658.6708825722,35242.1993771881,10518.781,19573.444713936788,103.95549999999999,193.23043783523
2016-01-01,237.652,99.3637057775515,101.2896,99.8754,57658.6708825722,35242.1993771881,10518.781,19573.444713936788,103.95549999999999,193.23043783523
2016-02-01,237.336,99.6691270043268,101.4403,100.2741,57658.6708825722,35242.1993771881,10518.781,19573.444713936788,103.95549999999999,193.23043783523
2016-03-01,238.08,99.8727411555103,101.8422,100.2741,57658.6708825722,35242.1993771881,10518.781,19573.444713936788,103.95549999999999,193.23043783523
2016-04-01,238.992,99.9745482311021,102.3949,100.0748,57658.6708825722,35242.1993771881,10518.781,19573.444713936788,103.95549999999999,193.23043783523
2016-05-01,239.557,99.9745482311021,102.5456,99.77573,57658.6708825722,35242.1993771881,10518.781,19573.444713936788,103.95549999999999,193.23043783523
2016-06-01,240.222,99.7709340799186,102.8973,100.0748,57658.6708825722,35242.1993771881,10518.781,19573.444713936788,103.95549999999999,193.23043783523
2016-07-01,240.101,99.4655128531433,102.9978,102.5667,57658.6708825722,35242.1993771881,10518.781,19573.444713936788,103.95549999999999,193.23043783523
2016-08-01,240.545,99.567319928735,103.249,101.2709,58703.1440782154,35861.9728545838,10701.363,20244.90001605351,102.526,193.489159658852
2016-09-01,241.176,99.6691270043268,103.2993,100.5731,58703.1440782154,35861.9728545838,10701.363,20244.90001605351,102.526,193.489159658852
2016-10-01,241.741,100.381776533469,103.3998,101.3705,58703.1440782154,35861.9728545838,10701.363,20244.90001605351,102.526,193.489159658852
2016-11-01,242.026,100.279969457877,103.45,100.9718,58703.1440782154,35861.9728545838,10701.363,20244.90001605351,102.526,193.489159658852
2016-12-01,242.637,99.8727411555103,103.651,101.0715,58703.1440782154,35861.9728545838,10701.363,20244.90001605351,102.526,193.489159658852
2017-01-01,243.618,99.4655128531433,103.651,102.2676,58703.1440782154,35861.9728545838,10701.363,20244.90001605351,102.526,193.489159658852
2017-02-01,244.006,99.3637057775515,103.7012,101.6696,58703.1440782154,35861.9728545838,10701.363,20244.90001605351,102.526,193.489159658852
2017-03-01,243.892,99.4655128531433,103.9524,100.4735,58703.1440782154,35861.9728545838,10701.363,20244.90001605351,102.526,193.489159658852
2017-04-01,244.193,99.9745482311021,104.2539,101.4702,58703.1440782154,35861.9728545838,10701.363,20244.90001605351,102.526,193.489159658852
2017-05-01,244.004,100.076355306694,104.5051,100.8722,58703.1440782154,35861.9728545838,10701.363,20244.90001605351,102.526,193.489159658852
2017-06-01,244.163,99.8727411555103,104.7061,101.9686,58703.1440782154,35861.9728545838,10701.363,20244.90001605351,102.526,193.489159658852
2017-07-01,244.243,99.6691270043268,105.108,102.5667,58703.1440782154,35861.9728545838,10701.363,20244.90001605351,102.526,193.489159658852
2017-08-01,245.183,100.076355306694,105.2085,101.5699,60127.2102775233,36138.5290824719,10984.294,21516.05818318023,103.80649999999999,197.335609410989
2017-09-01,246.435,100.178162382286,105.6105,103.2644,60127.2102775233,36138.5290824719,10984.294,21516.05818318023,103.80649999999999,197.335609410989
2017-10-01,246.626,100.178162382286,105.9119,102.2676,60127.2102775233,36138.5290824719,10984.294,21516.05818318023,103.80649999999999,197.335609410989
2017-11-01,247.284,100.585390684653,106.0626,101.7692,60127.2102775233,36138.5290824719,10984.294,21516.05818318023,103.80649999999999,197.335609410989
2017-12-01,247.805,100.890811911428,106.6153,102.9654,60127.2102775233,36138.5290824719,10984.294,21516.05818318023,103.80649999999999,197.335609410989
2018-01-01,248.859,100.789004835836,107.0173,102.0683,60127.2102775233,36138.5290824719,10984.294,21516.05818318023,103.80649999999999,197.335609410989
2018-02-01,249.529,100.789004835836,107.168,102.6663,60127.2102775233,36138.5290824719,10984.294,21516.05818318023,103.80649999999999,197.335609410989
2018-03-01,249.577,100.483583609061,107.4694,103.2644,60127.2102775233,36138.5290824719,10984.294,21516.05818318023,103.80649999999999,197.335609410989
2018-04-01,250.227,100.483583609061,107.8211,102.766,60127.2102775233,36138.5290824719,10984.294,21516.05818318023,103.80649999999999,197.335609410989
2018-05-01,250.792,100.483583609061,107.6202,101.6696,60127.2102775233,36138.5290824719,10984.294,21516.05818318023,103.80649999999999,197.335609410989
2018-06-01,251.018,100.483583609061,107.8714,104.8592,60127.2102775233,36138.5290824719,10984.294,21516.05818318023,103.80649999999999,197.335609410989
2018-07-01,251.214,100.585390684653,107.7709,104.4605,60127.2102775233,36138.5290824719,10984.294,21516.05818318023,103.80649999999999,197.335609410989
2018-08-01,251.663,101.298040213795,108.3236,102.9654,61330.6459767318,36043.7844013365,11047.209,22719.40175343378,104.41474999999998,198.010309174872
2018-09-01,252.182,101.399847289387,108.5748,103.1647,61330.6459767318,36043.7844013365,11047.209,22719.40175343378,104.41474999999998,198.010309174872
2018-10-01,252.772,101.705268516162,109.027,103.2644,61330.6459767318,36043.7844013365,11047.209,22719.40175343378,104.41474999999998,198.010309174872
2018-11-01,252.594,101.399847289387,109.4289,104.4605,61330.6459767318,36043.7844013365,11047.209,22719.40175343378,104.41474999999998,198.010309174872
2018-12-01,252.767,101.196233138203,109.6299,104.5602,61330.6459767318,36043.7844013365,11047.209,22719.40175343378,104.41474999999998,198.010309174872
2019-01-01,252.561,101.298040213795,109.8308,102.766,61330.6459767318,36043.7844013365,11047.209,22719.40175343378,104.41474999999998,198.010309174872
2019-02-01,253.319,101.399847289387,110.2328,102.6663,61330.6459767318,36043.7844013365,11047.209,22719.40175343378,104.41474999999998,198.010309174872
2019-03-01,254.277,101.399847289387,110.3835,103.9621,61330.6459767318,36043.7844013365,11047.209,22719.40175343378,104.41474999999998,198.010309174872
2019-04-01,255.233,101.807075591754,110.283,103.1647,61330.6459767318,36043.7844013365,11047.209,22719.40175343378,104.41474999999998,198.010309174872
2019-05-01,255.296,101.60346144057,110.7352,106.0553,61330.6459767318,36043.7844013365,11047.209,22719.40175343378,104.41474999999998,198.010309174872
2019-06-01,255.213,101.60346144057,111.2376,104.0618,61330.6459767318,36043.7844013365,11047.209,22719.40175343378,104.41474999999998,198.010309174872
2019-07-01,255.802,101.501654364978,111.4386,103.8624,61330.6459767318,36043.7844013365,11047.209,22719.40175343378,104.41474999999998,198.010309174872
2019-08-01,256.036,101.807075591754,111.5391,104.1615,59394.778327105,34650.7967802766,11646.661,26945.39119461515,122.42375,215.755540579043
2019-09-01,256.43,101.807075591754,111.6898,102.9654,59394.778327105,34650.7967802766,11646.661,26945.39119461515,122.42375,215.755540579043
2019-10-01,257.155,102.112496818529,111.9913,102.8657,59394.778327105,34650.7967802766,11646.661,26945.39119461515,122.42375,215.755540579043
2019-11-01,257.879,102.112496818529,112.4937,105.856,59394.778327105,34650.7967802766,11646.661,26945.39119461515,122.42375,215.755540579043
2019-12-01,258.63,102.214303894121,112.7952,103.3641,59394.778327105,34650.7967802766,11646.661,26945.39119461515,122.42375,215.755540579043
2020-01-01,258.906,102.010689742937,112.7952,101.7692,59394.778327105,34650.7967802766,11646.661,26945.39119461515,122.42375,215.755540579043
2020-02-01,259.246,101.908882667345,113.2976,102.2676,59394.778327105,34650.7967802766,11646.661,26945.39119461515,122.42375,215.755540579043
2020-03-01,258.15,101.908882667345,113.4986,100.9718,59394.778327105,34650.7967802766,11646.661,26945.39119461515,122.42375,215.755540579043
2020-04-01,256.126,102.112496818529,114.1015,100.2741,59394.778327105,34650.7967802766,11646.661,26945.39119461515,122.42375,215.755540579043
2020-05-01,255.848,102.112496818529,114.5034,99.77573,59394.778327105,34650.7967802766,11646.661,26945.39119461515,122.42375,215.755540579043
2020-06-01,257.004,101.807075591754,113.5991,97.38351,59394.778327105,34650.7967802766,11646.661,26945.39119461515,122.42375,215.755540579043
2020-07-01,258.408,102.010689742937,114.6542,98.38026,59394.778327105,34650.7967802766,11646.661,26945.39119461515,122.42375,215.755540579043
2020-08-01,259.366,102.010689742937,114.9054,99.4767,62741.0018131151,35701.4542716142,11953.742,28428.91857004868,121.1565,216.329364856741
2020-09-01,259.951,101.60346144057,115.458,100.1744,62741.0018131151,35701.4542716142,11953.742,28428.91857004868,121.1565,216.329364856741
2020-10-01,260.249,101.705268516162,115.5083,100.9718,62741.0018131151,35701.4542716142,11953.742,28428.91857004868,121.1565,216.329364856741
2020-11-01,260.895,101.399847289387,116.1112,101.0715,62741.0018131151,35701.4542716142,11953.742,28428.91857004868,121.1565,216.329364856741
2020-12-01,262.005,101.094426062611,116.4629,98.28059,62741.0018131151,35701.4542716142,11953.742,28428.91857004868,121.1565,216.329364856741
2021-01-01,262.518,101.501654364978,116.8146,102.467,62741.0018131151,35701.4542716142,11953.742,28428.91857004868,121.1565,216.329364856741
2021-02-01,263.583,101.60346144057,117.518,102.168,62741.0018131151,35701.4542716142,11953.742,28428.91857004868,121.1565,216.329364856741
2021-03-01,264.91,101.60346144057,117.518,102.5667,62741.0018131151,35701.4542716142,11953.742,28428.91857004868,121.1565,216.329364856741
2021-04-01,266.752,100.890811911428,117.8195,102.467,62741.0018131151,35701.4542716142,11953.742,28428.91857004868,121.1565,216.329364856741
2021-05-01,268.452,101.298040213795,118.7741,102.3673,62741.0018131151,35701.4542716142,11953.742,28428.91857004868,121.1565,216.329364856741
2021-06-01,270.664,101.298040213795,119.4775,101.8689,62741.0018131151,35701.4542716142,11953.742,28428.91857004868,121.1565,216.329364856741
2021-07-01,271.994,101.60346144057,120.0804,100.6728,62741.0018131151,35701.4542716142,11953.742,28428.91857004868,121.1565,216.329364856741
2021-08-01,272.789,101.60346144057,120.834,102.9654,63720.7641611959,36202.639274898,12101.681,30928.91161330673,118.56824999999999,216.213375459903
2021-09-01,273.887,101.908882667345,121.0852,102.766,63720.7641611959,36202.639274898,12101.681,30928.91161330673,118.56824999999999,216.213375459903
2021-10-01,276.434,101.705268516162,121.4369,102.2676,63720.7641611959,36202.639274898,12101.681,30928.91161330673,118.56824999999999,216.213375459903
2021-11-01,278.799,101.807075591754,121.7384,102.3673,63720.7641611959,36202.639274898,12101.681,30928.91161330673,118.56824999999999,216.213375459903
2021-12-01,280.808,101.908882667345,122.5423,100.3738,63720.7641611959,36202.639274898,12101.681,30928.91161330673,118.56824999999999,216.213375459903
2022-01-01,282.39,102.112496818529,123.2457,102.6663,63720.7641611959,36202.639274898,12101.681,30928.91161330673,118.56824999999999,216.213375459903
2022-02-01,284.535,102.519725120896,123.4969,102.8657,63720.7641611959,36202.639274898,12101.681,30928.91161330673,118.56824999999999,216.213375459903
2022-03-01,287.553,102.926953423263,124.4013,102.6663,63720.7641611959,36202.639274898,12101.681,30928.91161330673,118.56824999999999,216.213375459903
2022-04-01,288.764,103.33418172563,124.8535,104.1615,63720.7641611959,36202.639274898,12101.681,30928.91161330673,118.56824999999999,216.213375459903
2022-05-01,291.359,101.8,125.5066,100.8722,63720.7641611959,36202.639274898,12101.681,30928.91161330673,118.56824999999999,216.213375459903
2022-06-01,294.996,101.8,125.3559,103.6631,63720.7641611959,36202.639274898,12101.681,30928.91161330673,118.56824999999999,216.213375459903
2022-07-01,294.977,102.3,126.1095,104.8592,63720.7641611959,36202.639274898,12101.681,30928.91161330673,118.56824999999999,216.213375459903
2022-08-01,295.209,102.7,126.3607,102.9654,65020.3529285737,37079.1092202813,12860.0,33167.33404472316,118.0825,223.764231
2022-09-01,296.341,103.1,126.8632,103.065,65020.3529285737,37079.1092202813,12860.0,33167.33404472316,118.0825,223.764231
2022-10-01,297.863,103.7,127.6168,103.3641,65020.3529285737,37079.1092202813,12860.0,33167.33404472316,118.0825,223.764231
2022-11-01,298.648,103.9,128.4709,104.2612,65020.3529285737,37079.1092202813,12860.0,33167.33404472316,118.0825,223.764231
2022-12-01,298.812,104.1,129.0236,103.8624,65020.3529285737,37079.1092202813,12860.0,33167.33404472316,118.0825,223.764231
2023-01-01,300.356,104.7,129.8777,103.6631,65020.3529285737,37079.1092202813,12860.0,33167.33404472316,118.0825,223.764231
2023-02-01,301.509,104.0,129.7773,103.3641,65020.3529285737,37079.1092202813,12860.0,33167.33404472316,118.0825,223.764231
2023-03-01,301.744,104.4,130.3802,104.7595,65020.3529285737,37079.1092202813,12860.0,33167.33404472316,118.0825,223.764231
2023-04-01,303.032,105.1,130.7821,104.2612,65020.3529285737,37079.1092202813,12860.0,33167.33404472316,118.0825,223.764231
2023-05-01,303.365,105.1,131.3348,106.3543,65020.3529285737,37079.1092202813,12860.0,33167.33404472316,118.0825,223.764231
2023-06-01,304.003,105.2,132.4401,109.4443,65020.3529285737,37079.1092202813,12860.0,33167.33404472316,118.0825,223.764231
2023-07-01,304.628,105.7,132.9928,106.5537,65020.3529285737,37079.1092202813,12860.0,33167.33404472316,118.0825,223.764231
2023-08-01,306.187,105.9,133.043,105.3576,68549.0,37227.0045,13104.0,35464.67392917169,120.435,216.952045
2023-09-01,307.288,106.2,133.7464,105.4573,68549.0,37227.0045,13104.0,35464.67392917169,120.435,216.952045
2023-10-01,307.531,107.1,133.8972,105.2579,68549.0,37227.0045,13104.0,35464.67392917169,120.435,216.952045
2023-11-01,308.024,106.9,135.10299999999998,104.1615,68549.0,37227.0045,13104.0,35464.67392917169,120.435,216.952045
2023-12-01,308.742,106.8,136.3088,107.5505,68549.0,37227.0045,13104.0,35464.67392917169,120.435,216.952045
2024-01-01,309.685,106.9,136.7108,104.9589,68549.0,37227.0045,13104.0,35464.67392917169,120.435,216.952045
2024-02-01,311.054,106.9,137.4142,104.9589,68549.0,37227.0045,13104.0,35464.673929,120.435,216.952045
2024-03-01,312.23,107.2,137.9668,104.9589,68549.0,37227.0045,13104.0,35464.673929,120.435,216.952045
2024-04-01,313.207,107.7,138.41899999999998,106.5537,68549.0,37227.0045,13104.0,35464.673929,120.435,216.952045
2024-05-01,313.225,108.1,138.9214,106.6534,68549.0,37227.0045,13104.0,35464.673929,120.435,216.952045
2024-06-01,313.049,108.2,139.6248,114.2288,68549.0,37227.0045,13104.0,35464.673929,120.435,216.952045
2024-07-01,313.534,108.6,140.47899999999998,111.6372,68549.0,37227.0045,13104.0,35464.673929,120.435,216.952045
2024-08-01,314.121,109.1,140.5292,107.6501,68549.0,37227.0045,13104.0,35464.673929,120.435,216.952045
2024-09-01,314.686,108.9,141.2829,107.6501,68549.0,37227.0045,13104.0,35464.673929,120.435,216.952045
2024-10-01,315.454,109.5,141.6346,107.6501,68549.0,37227.0045,13104.0,35464.673929,120.435,216.952045
