Date,USA_Index_Total,USA_Index_SMA(36),USA_Index_SMA(12),USA_Bonds_10Y2Y,interest_rates_USA,S&P500_change_stat_mean,MSCI_World_change_stat_mean,Dollar_Price_in_Yen_scaled_mean,VIX_Index_Price_Scaled,USA_Index_PCA,Japan_Index_Total,Japan_Index_SMA(36),Japan_Index_SMA(12),Nikkei_225_change_stat_mean,Japan_Index_PCA
1990-01-01,-4.0,,,,,,,,,2.28224414298448,0.0,,,,4.4428854412624705
1990-02-01,-5.0,,,,,,,,,2.282244142984481,-1.0,,,,4.442885441262471
1990-03-01,-4.0,,,,,,,,,2.0873528545665017,-1.0,,,,4.6240509036363955
1990-04-01,-5.0,,,,,,,,,1.7142437831501085,-1.0,,,,4.675806764928768
1990-05-01,-4.0,,,,,,,,,1.9828078620484615,-1.0,,,,4.680783749987972
1990-06-01,-4.0,,,,,,,,,2.0659415622175867,-1.0,,,,4.383682801866109
1990-07-01,-4.0,,,,,,,,,1.9399999415206781,0.0,,,,4.485697289558997
1990-08-01,-5.0,,,,,,,,,2.033828289736707,0.0,,,,4.472748849656902
1990-09-01,-4.0,,,,,,,,,2.191754501551228,-1.0,,,,4.559678031071565
1990-10-01,-4.0,,,,,,,,,2.2914403578616613,-1.0,,,,4.462446780982283
1990-11-01,-5.0,,,,,,,,,1.8659264427804583,0.0,,,,4.079566287127793
1990-12-01,-4.0,,-4.333333333333333,,,,,,,2.238906832833618,0.0,,-0.5833333333333334,,4.005238945098147
1991-01-01,-3.0,,-4.25,,,,,,,2.338592689144057,-3.0,,-0.8333333333333334,,3.970204804188891
1991-02-01,-4.0,,-4.166666666666667,,,,,,,2.075856789999957,-2.0,,-0.9166666666666666,,3.6883667392206574
1991-03-01,-3.0,,-4.083333333333333,,,,,,,2.2599247490077583,-3.0,,-1.0833333333333333,,3.656327068095003
1991-04-01,-3.0,,-3.9166666666666665,,,,,,,2.4748502458831454,-2.0,,-1.1666666666666667,,3.5153114115562807
1991-05-01,-3.0,,-3.8333333333333335,,,,,,,2.553117477759612,-3.0,,-1.3333333333333333,,3.472830991889327
1991-06-01,-3.0,,-3.75,,,,,,,2.589825191636565,-2.0,,-1.4166666666666667,,3.1133396864782372
1991-07-01,-3.0,,-3.6666666666666665,,,,,,,2.6003984904052513,-2.0,,-1.5833333333333333,,3.0310403902593452
1991-08-01,-3.0,,-3.5,,,,,,,2.6050002638863696,-3.0,,-1.8333333333333333,,3.061236225976083
1991-09-01,-3.0,,-3.4166666666666665,,,,,,,2.7138920504354056,-3.0,,-2.0,,2.7847511088132983
1991-10-01,-3.0,,-3.3333333333333335,,,,,,,2.623169425807169,-3.0,,-2.1666666666666665,,3.110478239745787
1991-11-01,-3.0,,-3.1666666666666665,,,,,,,2.6524095645031993,-2.0,,-2.3333333333333335,,2.834518298668204
1991-12-01,-3.0,,-3.0833333333333335,,,,,,,2.598523335115137,-4.0,,-2.6666666666666665,,2.696424693898861
1992-01-01,-4.0,,-3.1666666666666665,2.0789473684210527,4.03,,,6.2662894736842105,0.20806944648021,2.371149777573014,-3.0,,-2.6666666666666665,,2.6548439150242653
1992-02-01,-3.0,,-3.0833333333333335,2.131,4.06,,,6.381600000000001,0.2083444118631038,2.7533507620348567,-3.0,,-2.75,,2.5291740734181367
1992-03-01,-3.0,,-3.0833333333333335,1.8572727272727272,3.98,,,6.637795454545454,0.2142503698191599,2.6566492800339843,-4.0,,-2.8333333333333335,,2.7633279645453848
1992-04-01,-3.0,,-3.0833333333333335,2.135,3.73,,,6.675590909090909,0.20279465925874754,2.676435841126338,-4.0,,-3.0,,2.817812629497925
1992-05-01,-3.0,,-3.0833333333333335,2.163809523809524,3.82,,,6.530166666666666,0.17851527707026618,2.6379820467145803,-3.0,,-3.0,,2.5766930818740073
1992-06-01,-3.0,,-3.0833333333333335,2.213636363636364,3.76,,,6.336659090909091,0.18083421681980535,2.6256553353260617,-4.0,,-3.1666666666666665,,2.59386805967431
1992-07-01,-3.0,,-3.0833333333333335,2.4843478260869567,3.25,,,6.287304347826087,0.15758174373678585,2.624045268239552,-4.0,,-3.3333333333333335,,2.3417830867701275
1992-08-01,-3.0,,-3.0833333333333335,2.392857142857143,3.3,,,6.30552380952381,0.16911700585571796,2.6331298491999475,-4.0,,-3.4166666666666665,,2.369884093495662
1992-09-01,-4.0,,-3.1666666666666665,2.518181818181818,3.22,,,6.130045454545454,0.16007211505071928,2.518818040115945,-4.0,,-3.5,,2.5499475567368957
1992-10-01,-3.0,,-3.1666666666666665,2.506818181818182,3.1,,,6.061704545454545,0.2091216872329305,2.7407935713782345,-3.0,,-3.5,,2.361730052671697
1992-11-01,-3.0,,-3.1666666666666665,2.291904761904762,3.09,,,6.1905238095238095,0.1751233761225094,2.721565845123557,-3.0,,-3.5833333333333335,,2.247160862796974
1992-12-01,-3.0,-3.5277777777777777,-3.1666666666666665,2.0960869565217393,2.92,0.08006899635847443,-0.16414969549806865,6.196521739130435,0.14477329636736738,2.7023527830389633,-3.0,-2.25,-3.5,-0.5520855191055418,2.2873739764152434
1993-01-01,-1.0,-3.4444444444444446,-2.9166666666666665,2.2061904761904763,3.02,0.14168668196799897,-0.08613700129573953,6.246428571428572,0.14881743718237328,2.887477254890969,-4.0,-2.361111111111111,-3.5833333333333335,-0.38935382233522553,2.0971350600657623
1993-02-01,-1.0,-3.3333333333333335,-2.75,2.1625,3.03,0.1437824284936665,-0.000688765740498698,6.037975,0.1646087740664072,2.794584070240935,-4.0,-2.4444444444444446,-3.6666666666666665,-0.3338842240790653,2.431007769300936
1993-03-01,-1.0,-3.25,-2.5833333333333335,2.0256521739130435,3.07,0.21960638954676584,0.19348057842150967,5.849108695652174,0.16326036674092903,2.80149075909452,-4.0,-2.5277777777777777,-3.6666666666666665,0.020205281957230852,2.3572295147845908
1993-04-01,-1.0,-3.138888888888889,-2.4166666666666665,2.1313636363636363,2.96,0.11812608233978823,0.25190044436424347,5.61234090909091,0.15519629260874004,3.0234662903567973,-4.0,-2.611111111111111,-3.6666666666666665,0.43469219601763615,2.369075456207734
1993-05-01,-1.0,-3.0555555555555554,-2.25,2.051428571428571,3.0,0.17695252823999866,0.2250080321900724,5.504952380952381,0.1655235514278003,2.919856461404742,-4.0,-2.6944444444444446,-3.75,0.2924037518120909,2.3077603612096342
1993-06-01,-1.0,-2.9722222222222223,-2.0833333333333335,1.799090909090909,3.04,0.19606337148279204,0.26979996522235733,5.3628409090909095,0.1546905702233075,2.837672588971703,-3.0,-2.75,-3.6666666666666665,0.45913437440780286,2.0100421949923875
1993-07-01,-1.0,-2.888888888888889,-1.9166666666666667,1.7363636363636366,3.06,0.11575301336678813,0.30386992089642506,5.379795454545455,0.13895820729372746,2.9336845032819707,-3.0,-2.8333333333333335,-3.5833333333333335,0.5321854595253908,2.2682446784069805
1993-08-01,-1.0,-2.7777777777777777,-1.75,1.6763636363636365,3.03,0.2279603455576766,0.34176721921613984,5.1875909090909085,0.14431776526259663,3.029711081762323,-3.0,-2.9166666666666665,-3.5,0.3251806478633644,2.205431849170509
1993-09-01,-1.0,-2.6944444444444446,-1.5,1.5136363636363634,3.09,0.19139987791201607,0.3235638338288829,5.269954545454545,0.15287106895246594,3.021870215019309,-3.0,-2.9722222222222223,-3.4166666666666665,0.30434918386975224,2.113925092017507
1993-10-01,-1.0,-2.611111111111111,-1.3333333333333333,1.4590476190476191,2.99,0.2249397181227851,0.43043483631088497,5.349095238095238,0.14568468120925027,3.071028633337154,-3.0,-3.0277777777777777,-3.4166666666666665,0.33279296042159057,2.193629827119832
1993-11-01,-1.0,-2.5,-1.1666666666666667,1.5718181818181818,3.02,0.14122073966113688,0.2862030677143726,5.389340909090909,0.16987873310971424,3.037053351485892,-4.0,-3.138888888888889,-3.5,-0.11736950432594422,2.1464326525015904
1993-12-01,-1.0,-2.4166666666666665,-1.0,1.5608695652173912,2.96,0.1410098587005835,0.3593291353242507,5.494086956521739,0.13874239098422833,3.029219816827917,-3.0,-3.2222222222222223,-3.5,0.07641581892064093,2.395325969535856
1994-01-01,-2.0,-2.388888888888889,-1.0833333333333333,1.61,3.05,0.19061127698917565,0.4813722339354299,5.56597619047619,0.13839987148098146,2.7849134794973396,-2.0,-3.1944444444444446,-3.3333333333333335,0.3721918677352741,2.480007689697684
1994-02-01,-2.0,-2.3333333333333335,-1.1666666666666667,1.498,3.25,0.10520785480302837,0.406270991602635,5.3184249999999995,0.16231103663068822,3.128777723906835,-2.0,-3.1944444444444446,-3.1666666666666665,0.35949441095338797,2.5930560827082725
1994-03-01,-3.0,-2.3333333333333335,-1.3333333333333333,1.4873913043478262,3.34,-0.013271735279709151,0.22421344536523993,5.249478260869565,0.17880821964732044,2.7418562604598344,-3.0,-3.1944444444444446,-3.0833333333333335,0.10831560740692282,2.7314771781304583
1994-04-01,-2.0,-2.3055555555555554,-1.4166666666666667,1.4219047619047618,3.56,0.058637254885201585,0.19897192548798823,5.1691666666666665,0.19962682622785494,2.755419353980711,-2.0,-3.1944444444444446,-2.9166666666666665,-0.05630850216305755,2.686262518787678
1994-05-01,-2.0,-2.2777777777777777,-1.5,1.2127272727272727,4.01,0.02126178942073414,0.15351358313742763,5.188340909090909,0.1677953769547686,2.825981732562451,-2.0,-3.1666666666666665,-2.75,0.09066188550669359,2.796317440707188
1994-06-01,-2.0,-2.25,-1.5833333333333333,1.17,4.25,-0.016072744711394308,0.16883724943186132,5.119454545454546,0.15987422598457343,2.870417028120982,-3.0,-3.1944444444444446,-2.75,0.15523186327726288,2.9716008412140007
1994-07-01,-2.0,-2.2222222222222223,-1.6666666666666667,1.168095238095238,4.26,0.05530709411662002,0.1675211164583871,4.931619047619048,0.15462800845028055,2.804335805873877,-4.0,-3.25,-2.8333333333333335,0.06012426956010266,2.271368219659361
1994-08-01,-2.0,-2.1944444444444446,-1.75,1.058695652173913,4.47,0.05829556519245096,0.13404675987174974,4.993847826086956,0.14292248769337104,2.885592832502516,-4.0,-3.2777777777777777,-2.9166666666666665,0.017228718470317077,3.295221408945284
1994-09-01,-2.0,-2.1666666666666665,-1.8333333333333333,1.0640909090909092,4.73,0.026023621053926693,0.1254038161348526,4.939613636363637,0.15596587040250964,2.8658150670394145,-3.0,-3.2777777777777777,-2.9166666666666665,0.0015584180853612795,3.195669782536894
1994-10-01,-2.0,-2.138888888888889,-1.9166666666666667,1.0157142857142858,4.76,0.029661905602166416,0.10828128754912943,4.918642857142857,0.18083028929072384,2.7616332026237935,-3.0,-3.2777777777777777,-2.9166666666666665,0.08378065295953778,3.149858530082122
1994-11-01,-2.0,-2.111111111111111,-2.0,0.8036363636363636,5.29,-0.021815150910854387,0.1418033792763195,4.903840909090909,0.19366966841395364,2.9354909909653406,-2.0,-3.2777777777777777,-2.75,0.3365428122178595,2.9696980904560824
1994-12-01,-2.0,-2.0833333333333335,-2.0833333333333335,0.21818181818181817,5.45,-0.016428867503798118,0.07898531904252352,5.003636363636364,0.17076374544940545,2.8574582058280487,-4.0,-3.2777777777777777,-2.8333333333333335,0.28407717880646793,2.7855327245772865
1995-01-01,0.0,-1.9722222222222223,-1.9166666666666667,0.26636363636363636,5.53,-0.034602648359430756,-0.07286926431812514,4.9834772727272725,0.1508097001802959,2.942196104542829,-1.0,-3.2222222222222223,-2.75,-0.12647438131030692,3.161779213659217
1995-02-01,0.0,-1.8888888888888888,-1.75,0.3575,5.92,0.10218570820385087,-0.04318096622649396,4.906975,0.13794291533374473,3.000821584404473,-1.0,-3.1666666666666665,-2.6666666666666665,-0.2888819912916722,2.990562787029004
1995-03-01,0.0,-1.8055555555555556,-1.5,0.42913043478260865,5.98,0.2354829878360867,0.11986004580931242,4.520782608695652,0.14602469883575028,2.849101344616706,-1.0,-3.0833333333333335,-2.5,-0.30365427136445217,3.092572839693401
1995-04-01,0.0,-1.7222222222222223,-1.3333333333333333,0.496,6.05,0.2690975224444491,0.15578259008056197,4.176875,0.14707944947586088,2.9861154056330315,-1.0,-3.0,-2.4166666666666665,-0.2789734124490966,3.1478030174318476
1995-05-01,0.0,-1.6388888888888888,-1.1666666666666667,0.45956521739130435,6.01,0.31057995296415586,0.1699381264090313,4.247782608695652,0.14434740154752984,3.003166703325055,-1.0,-2.9444444444444446,-2.3333333333333335,-0.5474058963990115,3.17317028612277
1995-06-01,0.0,-1.5555555555555556,-1.0,0.4522727272727272,6.0,0.4017900400798447,0.1658688652789318,4.225545454545455,0.14366362568437996,3.0249411237764243,-2.0,-2.888888888888889,-2.25,-0.6326546504087415,3.181136307244256
1995-07-01,0.0,-1.4722222222222223,-0.8333333333333334,0.4942857142857142,5.85,0.40278268121701205,0.23000089061726134,4.3620238095238095,0.1494796929617046,3.2047704374055543,-3.0,-2.861111111111111,-2.1666666666666665,-0.33203662042083487,2.824263212911359
1995-08-01,0.0,-1.3888888888888888,-0.6666666666666666,0.5073913043478261,5.74,0.3350208831770301,0.13045019318856588,4.740434782608696,0.1516822864187595,2.9948098421137144,-2.0,-2.8055555555555554,-2.0,-0.19461244283913234,3.124352697749042
1995-09-01,0.0,-1.2777777777777777,-0.5,0.3923809523809524,5.8,0.4642410784297953,0.22820959543830469,5.024119047619048,0.14229853968553904,2.9873249012178262,-3.0,-2.7777777777777777,-2.0,-0.1137286651744309,3.477885372517744
1995-10-01,0.0,-1.1944444444444444,-0.3333333333333333,0.3468181818181818,5.76,0.413190675545032,0.16761540041947987,5.038409090909091,0.17107157614752685,3.1319233282121313,-1.0,-2.7222222222222223,-1.8333333333333333,-0.18217765757692575,2.9748773030101208
1995-11-01,0.0,-1.1111111111111112,-0.16666666666666666,0.45,5.8,0.5654377560638694,0.3123772965787182,5.096,0.15078221568970987,3.0246311817275924,-2.0,-2.6944444444444446,-1.8333333333333333,0.021230948751389905,2.8680290965428807
1995-12-01,0.0,-1.0277777777777777,0.0,0.38857142857142857,5.6,0.5767460476326101,0.342066449915309,5.091238095238095,0.14228702413262712,3.153789841660553,-1.0,-2.638888888888889,-1.5833333333333333,0.07394136266764767,3.0125159151648924
1996-01-01,-1.0,-1.0277777777777777,-0.08333333333333333,0.5365217391304348,5.56,0.5904424576593789,0.3824199108742307,5.27904347826087,0.16122552646338817,3.587115237373877,-4.0,-2.638888888888889,-1.8333333333333333,0.26126203833082895,2.7284692742601684
1996-02-01,-1.0,-1.0277777777777777,-0.16666666666666666,0.7823809523809524,5.22,0.5310938024224628,0.42025051755351345,5.277785714285715,0.17883776472547044,2.9225173791018797,-4.0,-2.638888888888889,-2.0833333333333335,0.37907453939894675,2.941664820982768
1996-03-01,-1.0,-1.0277777777777777,-0.25,0.6076190476190476,5.31,0.4992006771305928,0.3616720690360445,5.295238095238095,0.21058571573032084,2.919755560965317,-3.0,-2.611111111111111,-2.25,0.5973961199203212,2.8004634988309616
1996-04-01,-1.0,-1.0277777777777777,-0.3333333333333333,0.5540909090909091,5.22,0.46768410304578006,0.3148117268186696,5.361204545454545,0.1985070147708912,3.8855006558861116,-4.0,-2.611111111111111,-2.5,0.5641199337310848,2.8354486566083197
1996-05-01,0.0,-1.0,-0.3333333333333333,0.6408695652173914,5.24,0.44410985834811295,0.2915135260506787,5.320195652173913,0.19364099058659337,3.199498837350234,-3.0,-2.5833333333333335,-2.6666666666666665,0.7104867325732155,2.6733653380274602
1996-06-01,0.0,-0.9722222222222222,-0.3333333333333333,0.615,5.27,0.40868125927331594,0.30871975866050255,5.444725,0.19692827958773038,3.3286574972831793,-4.0,-2.611111111111111,-2.8333333333333335,0.8776592391246743,2.4978463017752555
1996-07-01,0.0,-0.9444444444444444,-0.3333333333333333,0.5947826086956521,5.4,0.2631667316912597,0.1319983110762841,5.459347826086956,0.21279056189604323,3.310477908340396,-3.0,-2.611111111111111,-2.8333333333333335,0.4429526505299027,2.5179005043749214
1996-08-01,0.0,-0.9166666666666666,-0.3333333333333333,0.6063636363636363,5.22,0.29991777491915367,0.23111374935092965,5.391636363636364,0.19159730752309495,3.229305512794023,-3.0,-2.611111111111111,-2.9166666666666665,0.2419421792448758,2.4473914242918546
1996-09-01,0.0,-0.8888888888888888,-0.3333333333333333,0.5966666666666667,5.3,0.32694626493174167,0.23597126143904656,5.4915,0.2028805163760213,3.3512568192137238,-3.0,-2.611111111111111,-2.9166666666666665,0.3940855838344674,2.4612807816308213
1996-10-01,-1.0,-0.8888888888888888,-0.4166666666666667,0.6213043478260869,5.24,0.3831632725272868,0.27373707474492665,5.6196086956521745,0.19656968683311446,3.1737645126123435,-3.0,-2.611111111111111,-3.0833333333333335,0.326550958951702,2.4030180609780216
1996-11-01,0.0,-0.8611111111111112,-0.4166666666666667,0.4990476190476191,5.31,0.44764437821806774,0.3133535983998272,5.616809523809524,0.19349952563039588,3.438345609318548,-3.0,-2.5833333333333335,-3.1666666666666665,0.2655221108200654,2.2297919133845343
1996-12-01,0.0,-0.8333333333333334,-0.4166666666666667,0.52,5.29,0.372961492183747,0.2410755102763166,5.699295454545455,0.23099967724858067,3.4925883184603657,-3.0,-2.5833333333333335,-3.3333333333333335,-0.0033460960790183125,2.3830448419232653
1997-01-01,0.0,-0.7777777777777778,-0.3333333333333333,0.5682608695652174,5.25,0.4225960853421658,0.2240700951528306,5.8908695652173915,0.23671964314041363,3.3626417193161835,-5.0,-2.6666666666666665,-3.4166666666666665,-0.17772704958543484,2.3412118093792285
1997-02-01,0.0,-0.7222222222222222,-0.25,0.5189999999999999,5.19,0.4214761400279223,0.2402396206601721,6.14435,0.2422179140097417,3.2219931400400452,-5.0,-2.75,-3.5,-0.08416355892309957,2.0375651048885426
1997-03-01,0.0,-0.6388888888888888,-0.16666666666666666,0.4714285714285714,5.39,0.3196819281231267,0.19921301682759385,6.136523809523809,0.23976526676733925,3.360617951879267,-4.0,-2.7777777777777777,-3.5833333333333335,-0.2651846432309673,2.1739030649350735
1997-04-01,-1.0,-0.6111111111111112,-0.16666666666666666,0.43727272727272726,5.51,0.4038260005253574,0.1581905001497885,6.280045454545455,0.240372027984416,3.1462965821227336,-5.0,-2.861111111111111,-3.6666666666666665,-0.20124794501967472,2.59787478140768
1997-05-01,0.0,-0.5555555555555556,-0.16666666666666666,0.43681818181818177,5.5,0.4715782637692656,0.30699073916816605,5.943409090909091,0.24232895328088702,3.311055809070197,-4.0,-2.9166666666666665,-3.75,-0.10436372025288525,2.1559133598481903
1997-06-01,0.0,-0.5,-0.16666666666666666,0.3990476190476191,5.56,0.5528198162709731,0.38854074457220705,5.711547619047619,0.2445507819275712,3.3224905976842556,-4.0,-2.9444444444444446,-3.75,-0.10515345254104315,2.050872262309046
1997-07-01,0.0,-0.4444444444444444,-0.16666666666666666,0.3317391304347826,5.52,0.7736228579080769,0.5385891777649446,5.7646304347826085,0.24732499243667547,3.266216789020455,-5.0,-2.9722222222222223,-3.9166666666666665,0.02463445544169532,1.912487506861636
1997-08-01,0.0,-0.3888888888888889,-0.16666666666666666,0.3595238095238095,5.54,0.6222996861785098,0.37276913889503177,5.892547619047619,0.27940845615213117,3.54622298861792,-4.0,-2.9722222222222223,-4.0,-0.14030050945622766,1.9114444109835866
1997-09-01,0.0,-0.3333333333333333,-0.16666666666666666,0.32863636363636367,5.54,0.6174306108664132,0.4003582717393592,6.0422045454545446,0.2901526987299569,3.3357277716157077,-5.0,-3.0277777777777777,-4.166666666666667,-0.3074865709882489,2.0634790380589636
1997-10-01,-1.0,-0.3055555555555556,-0.16666666666666666,0.2578260869565217,5.5,0.5152543792964757,0.27352204307997796,6.0546304347826085,0.28885779927747024,3.6885244558586368,-4.0,-3.0555555555555554,-4.25,-0.35827650663636107,2.020952380790507
1997-11-01,0.0,-0.25,-0.16666666666666666,0.161,5.52,0.46770505253489497,0.21973705688836306,6.269025,0.38866851338174907,3.4150510964229435,-5.0,-3.138888888888889,-4.416666666666667,-0.37123733762879535,1.7519786198070426
1997-12-01,0.0,-0.19444444444444445,-0.16666666666666666,0.09347826086956522,5.5,0.5375666521139209,0.2678864153505986,6.480260869565217,0.3196117394189435,3.3257743773583295,-5.0,-3.1666666666666665,-4.583333333333333,-0.3662085796354147,2.0214843651844068
1998-01-01,-1.0,-0.2222222222222222,-0.25,0.18363636363636363,5.56,0.45000588848410955,0.32775096534007797,6.470613636363637,0.28989433885673105,3.251937425355034,-4.0,-3.25,-4.5,-0.10805376501264245,1.9485696227828622
1998-02-01,0.0,-0.2222222222222222,-0.25,0.154,5.51,0.5790783148933324,0.3903318327172733,6.284475,0.2441709902822793,3.4312321172738085,-5.0,-3.361111111111111,-4.5,-0.10866376714309123,1.8368464602981012
1998-03-01,0.0,-0.2222222222222222,-0.25,0.08590909090909092,5.49,0.7568603177756293,0.4851834881435167,6.450431818181818,0.24227398534818098,3.404940872727708,-4.0,-3.4444444444444446,-4.5,-0.08162615792662127,2.029710420394681
1998-04-01,-1.0,-0.25,-0.25,0.0740909090909091,5.45,0.6651582609831445,0.47659039920092505,6.5882499999999995,0.2682747097627729,3.209870758616763,-4.0,-3.5277777777777777,-4.416666666666667,-0.3011163743744239,2.0160367150513907
1998-05-01,0.0,-0.25,-0.25,0.05523809523809523,5.49,0.518695027023569,0.34696731702861233,6.749833333333333,0.2498142738147346,3.567383233533984,-5.0,-3.638888888888889,-4.5,-0.387797415021588,2.107370968492394
1998-06-01,-1.0,-0.2777777777777778,-0.3333333333333333,-0.023636363636363636,5.56,0.5075882439622761,0.29339303928023225,7.022181818181818,0.262420423099859,3.2677901231601325,-5.0,-3.7222222222222223,-4.583333333333333,-0.4175252327454572,1.9100630064234494
1998-07-01,-1.0,-0.3055555555555556,-0.4166666666666667,0.0021739130434782605,5.54,0.3503293280296608,0.24456338326101598,7.038065217391304,0.23788165785570517,3.07272000904918,-5.0,-3.7777777777777777,-4.583333333333333,-0.33033289723148934,1.7266745443705085
1998-08-01,-1.0,-0.3333333333333333,-0.5,0.07333333333333333,5.55,0.16216782861004672,0.1229539259990815,7.2211428571428575,0.37331628095671476,3.8045972899960994,-4.0,-3.8333333333333335,-4.583333333333333,-0.40954999879705795,1.8901603764560961
1998-09-01,0.0,-0.3333333333333333,-0.5,0.14,5.51,0.1855895374062724,0.06353498236636443,6.717727272727273,0.47143216712811475,3.557022961378649,-5.0,-3.888888888888889,-4.583333333333333,-0.46105584435584346,2.3021485878063217
1998-10-01,0.0,-0.3333333333333333,-0.4166666666666667,0.4454545454545455,5.07,0.39167035730551913,0.2723274087436131,6.020272727272727,0.45002692104489894,3.4139789611091618,-5.0,-4.0,-4.666666666666667,-0.2814883391024839,2.374221506006371
1998-11-01,0.0,-0.3333333333333333,-0.4166666666666667,0.28285714285714286,4.83,0.41393093159774175,0.39488077838343366,6.020309523809524,0.31610892419587,3.434976043475097,-4.0,-4.055555555555555,-4.583333333333333,-0.13258430194678575,2.2407682139290612
1998-12-01,0.0,-0.3333333333333333,-0.4166666666666667,0.13608695652173913,4.68,0.4859453401930292,0.4153904249673636,5.850934782608697,0.3083491402697521,3.460696248600381,-5.0,-4.166666666666667,-4.583333333333333,-0.114430137704569,2.076925338678783
1999-01-01,0.0,-0.3055555555555556,-0.3333333333333333,0.1061904761904762,4.63,0.5475096251684057,0.3897260086161361,5.661,0.33688646904694947,3.497111101772535,-3.0,-4.138888888888889,-4.5,-0.18926348839146023,2.1684224147713698
1999-02-01,0.0,-0.2777777777777778,-0.3333333333333333,0.12150000000000001,4.76,0.3398509864091666,0.24235334337719697,5.8317250000000005,0.3483129664457965,3.4551447058750933,-3.0,-4.111111111111111,-4.333333333333333,-0.23452342827465258,2.3370475552211345
1999-03-01,0.0,-0.25,-0.3333333333333333,0.17956521739130435,4.81,0.31832999405117474,0.23240010884243167,5.973847826086955,0.30851214046368514,3.5545303693956996,-2.0,-4.083333333333333,-4.166666666666667,-0.018772651351502006,2.5260669149845105
1999-04-01,-1.0,-0.25,-0.3333333333333333,0.20772727272727273,4.74,0.37279298955984647,0.31217978038749045,5.987863636363636,0.2824624210454693,3.741787520014839,-3.0,-4.055555555555555,-4.083333333333333,0.18416559000459884,2.6732863809592615
1999-05-01,0.0,-0.25,-0.3333333333333333,0.28285714285714286,4.74,0.35089654294113704,0.2184882340897689,6.09552380952381,0.3173124993827031,3.590545676754964,-2.0,-4.027777777777778,-3.8333333333333335,0.1476267835209324,2.621939136991344
1999-06-01,0.0,-0.25,-0.25,0.2809090909090909,4.76,0.38934336873608927,0.26038659344403325,6.034977272727272,0.28861354314241766,3.5271533243385003,-3.0,-4.0,-3.6666666666666665,0.25088089698925115,2.5078686090653974
1999-07-01,0.0,-0.25,-0.16666666666666666,0.23727272727272727,4.99,0.3483302164571844,0.23695912084505766,5.970363636363637,0.25228948511624355,3.672850956958119,-3.0,-4.0,-3.5,0.2240392499859872,2.708865847963313
1999-08-01,0.0,-0.25,-0.08333333333333333,0.2609090909090909,5.07,0.6421540797624701,0.49400187382076144,5.657545454545455,0.29506699778121087,3.520353379084947,-2.0,-3.9722222222222223,-3.3333333333333335,0.47235416021627946,2.987963709372059
1999-09-01,0.0,-0.25,-0.08333333333333333,0.25363636363636366,5.22,0.46588959564112375,0.4124949928201254,5.3504772727272725,0.29437437687562196,3.60371597348126,-3.0,-3.9722222222222223,-3.1666666666666665,0.5802916339068146,2.989197213172961
1999-10-01,0.0,-0.2222222222222222,-0.08333333333333333,0.24952380952380954,5.2,0.4399333432066978,0.40432272139144976,5.295404761904762,0.29100656318854967,3.2462755633533615,-2.0,-3.9444444444444446,-2.9166666666666665,0.5843465337243524,2.8038019904644367
1999-11-01,0.0,-0.2222222222222222,-0.08333333333333333,0.17045454545454544,5.42,0.36107636835658563,0.3458021154673944,5.230568181818182,0.26309655268201654,3.251242244509945,-3.0,-3.9444444444444446,-2.8333333333333335,0.4591635691741897,2.669676849318063
1999-12-01,0.0,-0.2222222222222222,-0.08333333333333333,0.1708695652173913,5.3,0.36166095218484684,0.4084570956851599,5.130282608695652,0.2677943205522268,3.319172403929937,-4.0,-3.9722222222222223,-2.75,0.6253177779099697,2.501682374832069
2000-01-01,-2.0,-0.2777777777777778,-0.25,0.22380952380952382,5.45,0.1801693702588422,0.2584402515190139,5.26497619047619,0.2806811345419734,3.350273500194774,-3.0,-3.9166666666666665,-2.75,0.5959755002485058,2.854807053532299
2000-02-01,-2.0,-0.3333333333333333,-0.4166666666666667,-0.09666666666666668,5.73,0.2076108879442802,0.2846592963402382,5.473547619047619,0.2860022162760201,3.1127958533911517,-2.0,-3.8333333333333335,-2.6666666666666665,0.6572870078668746,2.6186275289919627
2000-03-01,-2.0,-0.3888888888888889,-0.5833333333333334,-0.2717391304347826,5.85,0.30897562574556897,0.3389917214805906,5.316152173913044,0.27564449000214664,3.1961731119575383,-2.0,-3.7777777777777777,-2.6666666666666665,0.5074387160867336,2.774642836939701
2000-04-01,-2.0,-0.4166666666666667,-0.6666666666666666,-0.41200000000000003,6.02,0.17906684499215478,0.19081676839627493,5.28205,0.3295380260582244,2.9504829579934717,-2.0,-3.6944444444444446,-2.5833333333333335,0.15444483633913028,2.7609453855634665
2000-05-01,-3.0,-0.5,-0.9166666666666666,-0.36869565217391304,6.27,0.20226351825291855,0.23192154998460945,5.407826086956521,0.3204635340730217,2.7284450782512044,-2.0,-3.638888888888889,-2.5833333333333335,0.018252333946873683,2.6153680407139013
2000-06-01,-2.0,-0.5555555555555556,-1.0833333333333333,-0.3845454545454546,6.53,0.1355947727365473,0.19775812140089008,5.306454545454545,0.2662848039163715,3.1742147639319636,-4.0,-3.638888888888889,-2.6666666666666665,0.015207172992794116,2.4284765818063296
2000-07-01,-2.0,-0.6111111111111112,-1.25,-0.28619047619047616,6.54,0.16511177141714772,0.14495774850489293,5.3995476190476195,0.2398170955425874,2.7906399386958434,-2.0,-3.5555555555555554,-2.5833333333333335,-0.22212185010673793,2.5825083757859133
2000-08-01,-2.0,-0.6666666666666666,-1.4166666666666667,-0.4026086956521739,6.5,0.2821058192096861,0.18799874001021988,5.401282608695652,0.22139787964238658,2.5912544217457234,-2.0,-3.5,-2.5833333333333335,-0.04966960837028561,2.723592229210165
2000-09-01,-2.0,-0.7222222222222222,-1.5833333333333333,-0.28809523809523807,6.52,0.22693330054317998,0.15469562428669556,5.338523809523809,0.23793398520589315,2.857399318857118,-2.0,-3.4166666666666665,-2.5,-0.20526305007666343,2.5105522313935125
2000-10-01,-2.0,-0.75,-1.75,-0.1740909090909091,6.51,0.09760901076833191,-0.0023929347392334286,5.418590909090909,0.3029826526920617,2.8420445071503737,-2.0,-3.361111111111111,-2.5,-0.39293535555573317,2.45180875733999
2000-11-01,-2.0,-0.8055555555555556,-1.9166666666666667,-0.16136363636363638,6.51,-0.09437717366630867,-0.19862176075606675,5.446522727272727,0.31966049614724773,2.688797692086495,-2.0,-3.2777777777777777,-2.4166666666666665,-0.44022263619005336,2.351749671189409
2000-12-01,-3.0,-0.8888888888888888,-2.1666666666666665,-0.10904761904761905,6.4,-0.1840183185785225,-0.27130748297976154,5.609047619047619,0.3242057144083828,2.4879905053954006,-2.0,-3.1944444444444446,-2.25,-0.5916747281330059,2.488092657564994
2001-01-01,-3.0,-0.9444444444444444,-2.25,0.3834782608695652,5.98,-0.019461118463428923,-0.1289655593638507,5.835782608695653,0.30823872411569114,2.638895761941839,-4.0,-3.1944444444444446,-2.3333333333333335,-0.6480775421849847,2.3994842770779976
2001-02-01,-2.0,-1.0,-2.25,0.43899999999999995,5.49,-0.1812431712307554,-0.28737148000358975,5.80905,0.2820413501361463,2.8077375906061373,-5.0,-3.1944444444444446,-2.5833333333333335,-0.8392426219543753,2.2327373757645383
2001-03-01,-2.0,-1.0555555555555556,-2.25,0.5431818181818181,5.31,-0.47330409686187586,-0.5639203113903531,6.071477272727273,0.3496520327610599,2.5760801981324866,-4.0,-3.1944444444444446,-2.75,-0.8422924928415036,2.2526197003071315
2001-04-01,-2.0,-1.0833333333333333,-2.25,0.9023809523809524,4.8,-0.2623709623680357,-0.306797073620257,6.181738095238095,0.3416028766106001,2.6961205847263203,-4.0,-3.1944444444444446,-2.9166666666666665,-0.37795441368430466,2.3675555141683793
2001-05-01,-2.0,-1.1388888888888888,-2.1666666666666665,1.1347826086956523,4.21,-0.21543047939922846,-0.29314608007539056,6.083065217391305,0.2820171635637968,2.883869568597999,-4.0,-3.1666666666666665,-3.0833333333333335,-0.3599406173691544,2.2689936629095397
2001-06-01,-2.0,-1.1666666666666667,-2.1666666666666665,1.2042857142857142,3.97,-0.31125669115670124,-0.3940258156081768,6.118499999999999,0.25714515234500945,2.7104598637134663,-5.0,-3.1666666666666665,-3.1666666666666665,-0.525571508157903,2.1251491716165027
2001-07-01,-3.0,-1.2222222222222223,-2.25,1.1963636363636363,3.77,-0.2983230087409455,-0.3885973213406368,6.2221590909090905,0.26990731303769117,2.632126909573229,-4.0,-3.138888888888889,-3.3333333333333335,-0.49014797056729975,2.140054511099589
2001-08-01,-2.0,-1.25,-2.25,1.2139130434782608,3.65,-0.5240214402405329,-0.5188369173555362,6.064478260869565,0.26140586967256574,2.5204396125088886,-4.0,-3.138888888888889,-3.5,-0.7976270866522248,2.220149931507452
2001-09-01,-2.0,-1.3055555555555556,-2.25,1.577,3.07,-0.5866202399608783,-0.5968567799810696,5.931725,0.4266477136636372,2.7565536860280537,-4.0,-3.111111111111111,-3.6666666666666665,-0.8475153086574595,2.047916133486871
2001-10-01,-3.0,-1.3888888888888888,-2.3333333333333335,1.8426086956521741,2.49,-0.5470331903962203,-0.4893445618993318,6.065565217391304,0.40097902490414145,2.3119245642044235,-4.0,-3.0833333333333335,-3.8333333333333335,-0.5869095831232941,2.160361018463537
2001-11-01,-2.0,-1.4444444444444444,-2.3333333333333335,1.869090909090909,2.09,-0.2527482024105561,-0.3004582503085058,6.1179772727272725,0.32893390733022415,2.690668428010099,-5.0,-3.111111111111111,-4.083333333333333,-0.539005486770257,2.076222208119625
2001-12-01,-2.0,-1.5,-2.25,1.9795238095238095,1.82,-0.24926130130632299,-0.32593095584071136,6.382952380952381,0.28770104261754553,2.633332410050902,-4.0,-3.0833333333333335,-4.25,-0.44778742603108146,2.1692434345509355
2002-01-01,-2.0,-1.5555555555555556,-2.1666666666666665,2.006521739130435,1.73,-0.341809296190396,-0.4065259763772467,6.633956521739131,0.27151697332135355,2.6805193883546528,-2.0,-3.0555555555555554,-4.083333333333333,-0.5499711180535762,2.1916108165750074
2002-02-01,-2.0,-1.6111111111111112,-2.1666666666666665,1.8965,1.74,-0.18376315501031001,-0.2691927224984217,6.6739999999999995,0.27898778055946555,2.8442164060067343,-3.0,-3.0555555555555554,-3.9166666666666665,-0.2770276440609729,2.1875945403725257
2002-03-01,-2.0,-1.6666666666666667,-2.1666666666666665,1.725238095238095,1.73,0.008654080828064589,-0.03236795979942763,6.554619047619047,0.23300450476479398,2.8023054909388074,-2.0,-3.0555555555555554,-3.75,-0.167360817705458,2.3657157853504613
2002-04-01,-2.0,-1.6944444444444444,-2.1666666666666665,1.7881818181818183,1.75,-0.26332147809049083,-0.27216587285989147,6.538568181818182,0.23954747858830897,2.823372718304379,-2.0,-3.0277777777777777,-3.5833333333333335,-0.35225917090619735,2.4562682174294066
2002-05-01,-2.0,-1.75,-2.1666666666666665,1.8986956521739131,1.75,-0.287645443087385,-0.24525776185652434,6.313543478260869,0.24469074294487922,2.867092308462104,-2.0,-3.0277777777777777,-3.4166666666666665,-0.15852921033780001,2.3711184512702608
2002-06-01,-2.0,-1.8055555555555556,-2.1666666666666665,1.9335,1.75,-0.39166167298364196,-0.3119246227618622,6.161075,0.30809044836554367,2.7099417528292187,-2.0,-3.0,-3.1666666666666665,-0.32196432586404905,2.280504422282417
2002-07-01,-2.0,-1.8611111111111112,-2.0833333333333335,2.092173913043478,1.73,-0.5092528089163846,-0.41698974316457854,5.898847826086956,0.4098071744571664,2.804674438590164,-2.0,-2.9722222222222223,-3.0,-0.283517416340704,2.301375068761373
2002-08-01,-2.0,-1.9166666666666667,-2.0833333333333335,2.1236363636363635,1.74,-0.37313679001377165,-0.33907958155862344,5.950227272727273,0.4121197337141005,2.847160290389707,-3.0,-3.0,-2.9166666666666665,-0.1514182675142399,2.626831839128731
2002-09-01,-2.0,-1.9722222222222223,-2.0833333333333335,1.8704761904761906,1.75,-0.4269340115775155,-0.3993931495159224,6.041095238095238,0.4604748527213066,2.854098666578327,-2.0,-2.9722222222222223,-2.75,-0.011753478464624156,2.531726311915265
2002-10-01,-3.0,-2.0555555555555554,-2.0833333333333335,2.027391304347826,1.75,-0.3017951561314485,-0.2985852921203544,6.196152173913043,0.43246382834226654,3.086822529477691,-2.0,-2.9722222222222223,-2.5833333333333335,-0.26855540235554437,2.4804041924588125
2002-11-01,-2.0,-2.111111111111111,-2.0833333333333335,2.121904761904762,1.34,-0.3266208309905509,-0.3097105918322001,6.074071428571428,0.34163167098484526,2.862040554093204,-2.0,-2.9444444444444446,-2.3333333333333335,-0.20045949149831363,2.5321095138959757
2002-12-01,-2.0,-2.1666666666666665,-2.0833333333333335,2.1972727272727273,1.24,-0.4587258446624705,-0.4087557611234431,6.087090909090909,0.3427972955429018,2.9581061519936585,-3.0,-2.9166666666666665,-2.25,-0.3105939039168886,2.487262113736872
2003-01-01,-1.0,-2.138888888888889,-2.0,2.3030434782608693,1.24,-0.4779623897368279,-0.4046822765662494,5.936456521739131,0.334218415935449,3.1111563707848835,-3.0,-2.9166666666666665,-2.3333333333333335,-0.26705425084249196,2.697754165573533
2003-02-01,-1.0,-2.111111111111111,-1.9166666666666667,2.275,1.26,-0.4699887863245406,-0.45166036359714723,5.9678249999999995,0.3939593527848904,3.112137885856012,-2.0,-2.9166666666666665,-2.25,-0.3848690564957165,2.6115911533170615
2003-03-01,-1.0,-2.0833333333333335,-1.8333333333333333,2.2333333333333334,1.25,-0.5209806671571413,-0.46174548087532236,5.9362619047619045,0.3754066998040432,2.9147387281080404,-2.0,-2.9166666666666665,-2.25,-0.6163390006416882,2.791694620674064
2003-04-01,-3.0,-2.111111111111111,-1.9166666666666667,2.333181818181818,1.26,-0.2526687139829836,-0.29222496061208764,5.989772727272728,0.2926153474603265,2.565270866639939,-2.0,-2.9166666666666665,-2.25,-0.6761922367106418,2.903126758900065
2003-05-01,-2.0,-2.0833333333333335,-1.9166666666666667,2.1504545454545454,1.26,-0.1436947836735357,-0.19042019288141,5.868090909090909,0.24761155436157542,2.95006343325942,-2.0,-2.9166666666666665,-2.25,-0.5801966890653899,2.8299126858919825
2003-06-01,-1.0,-2.0555555555555554,-1.8333333333333333,2.107142857142857,1.22,0.033442722655730776,-0.030154587390189665,5.914380952380952,0.24846097007861298,2.99259713424503,-2.0,-2.861111111111111,-2.25,-0.22366001855215037,2.851268319858231
2003-07-01,-1.0,-2.0277777777777777,-1.75,2.4947826086956524,1.01,0.19973767241728016,0.1562690013460313,5.9305,0.2340117802048951,3.1563713294233158,-3.0,-2.888888888888889,-2.3333333333333335,-0.0005051629636379321,2.739732105843666
2003-08-01,-1.0,-2.0,-1.6666666666666667,2.580952380952381,1.03,0.2177402782027875,0.18563552751691903,5.929333333333334,0.23631577981707486,3.157338180324381,-2.0,-2.888888888888889,-2.25,0.20308449788543162,3.0129075459368093
2003-09-01,-1.0,-1.9722222222222223,-1.5833333333333333,2.5681818181818183,1.01,0.4206243190980628,0.42806746956104275,5.74675,0.23721126438604542,3.2164223574707393,-2.0,-2.888888888888889,-2.25,0.2279463165078313,3.06705440541587
2003-10-01,-1.0,-1.9444444444444444,-1.4166666666666667,2.5469565217391303,1.01,0.3582456454157486,0.3936620348561175,5.472978260869565,0.2221077095236657,2.823979553705865,-2.0,-2.888888888888889,-2.25,0.43671890679056524,3.0415645104837274
2003-11-01,-1.0,-1.9166666666666667,-1.3333333333333333,2.3715,1.0,0.2594832684140831,0.3277372753135693,5.4567250000000005,0.21132542480659405,3.1610813873542627,-4.0,-2.9444444444444446,-2.4166666666666665,0.2166366544871333,2.756770133004658
2003-12-01,-1.0,-1.8611111111111112,-1.25,2.360869565217391,0.98,0.4653509662982369,0.5214724069405475,5.3835434782608695,0.20371002539887453,3.0822515648884163,-2.0,-2.9444444444444446,-2.3333333333333335,0.45511614189079014,3.1836891651191914
2004-01-01,-1.0,-1.8055555555555556,-1.25,2.391363636363636,1.0,0.5443980915093541,0.6089147803520534,5.321477272727273,0.1976110040217147,3.1983276950106125,-2.0,-2.888888888888889,-2.25,0.5250538662511433,3.0113884215366746
2004-02-01,-1.0,-1.7777777777777777,-1.25,2.3445,1.01,0.6033748827994948,0.7160439951399881,5.33335,0.19534405059942736,3.057782796809587,-1.0,-2.7777777777777777,-2.1666666666666665,0.5688036762822303,3.1128004363253097
2004-03-01,-1.0,-1.75,-1.25,2.248695652173913,1.0,0.5527063403567819,0.6161356387436552,5.423826086956522,0.21227002322575253,3.1322847447621887,-1.0,-2.6944444444444446,-2.0833333333333335,0.7669143309885286,3.1908232626705515
2004-04-01,-1.0,-1.7222222222222223,-1.0833333333333333,2.2790909090909093,1.0,0.3713376210181683,0.49302976929234704,5.3791590909090905,0.1894205047292364,3.143815882366335,-1.0,-2.611111111111111,-2.0,0.8064058814460305,3.136966195543138
2004-05-01,-1.0,-1.6944444444444444,-1.0,2.1785714285714284,1.0,0.30092503645336416,0.38033640798891083,5.599928571428571,0.21633870154491708,3.1279642023339607,-1.0,-2.5277777777777777,-1.9166666666666667,0.5932323208369127,3.229435196028632
2004-06-01,-1.0,-1.6666666666666667,-1.0,1.9718181818181817,1.03,0.31022701850059387,0.3865611061502501,5.469659090909091,0.18636418093693347,3.213182794588584,-1.0,-2.4166666666666665,-1.8333333333333333,0.5362890216760449,3.202448066204709
2004-07-01,-1.0,-1.6111111111111112,-1.0,1.8627272727272726,1.26,0.21387788896011894,0.2703556757038646,5.472090909090909,0.1891896282981305,2.972816026628849,-2.0,-2.361111111111111,-1.75,0.3542077499351685,3.0102393823852394
2004-08-01,-1.0,-1.5833333333333333,-1.0,1.7731818181818182,1.43,0.1834620117885475,0.2597906218380816,5.510522727272727,0.20499345258078003,3.205380199844246,-2.0,-2.3055555555555554,-1.75,0.15646547357228643,3.3908653179967994
2004-09-01,-2.0,-1.5833333333333333,-1.0833333333333333,1.604090909090909,1.61,0.2227691249442827,0.2617798315248155,5.502886363636364,0.17455666281591628,3.3978959604476056,-1.0,-2.2222222222222223,-1.6666666666666667,0.131051132494186,3.190207408843331
2004-10-01,-2.0,-1.5555555555555556,-1.1666666666666667,1.5147619047619048,1.76,0.15340375565231343,0.21245725841887556,5.438880952380952,0.18178048222214796,3.011694716914542,-2.0,-2.1666666666666665,-1.6666666666666667,0.05880777058070769,3.325498763596084
2004-11-01,-1.0,-1.5277777777777777,-1.1666666666666667,1.339090909090909,1.93,0.21018037142507015,0.2928813082449227,5.2337727272727275,0.16426081579185225,3.231600627239452,-1.0,-2.0555555555555554,-1.4166666666666667,0.16894150208324246,3.157213452236859
2004-12-01,-1.0,-1.5,-1.1666666666666667,1.2186956521739132,2.16,0.17819043822729244,0.2385405298124096,5.187782608695652,0.15014169880885703,2.9477033943515565,-2.0,-2.0,-1.4166666666666667,0.16047756555401368,3.074028159424569
2005-01-01,-1.0,-1.4722222222222223,-1.1666666666666667,0.9966666666666667,2.28,0.09481487121673533,0.15685784807445285,5.16302380952381,0.1637268236646449,2.9465836011502446,-2.0,-2.0,-1.4166666666666667,0.12280105690076594,3.1107842773055125
2005-02-01,-1.0,-1.4444444444444444,-1.1666666666666667,0.783,2.5,0.10878379486466046,0.190074166737265,5.247999999999999,0.14395936201139214,3.2067859627763227,-1.0,-1.9444444444444444,-1.4166666666666667,0.13538508366577928,3.081338359753825
2005-03-01,-1.0,-1.4166666666666667,-1.1666666666666667,0.768695652173913,2.63,0.10267830341162983,0.18133235264262537,5.265543478260869,0.15904346180560425,3.0214621971188973,-2.0,-1.9444444444444444,-1.5,0.015646849318883858,3.3315926421015587
2005-04-01,-1.0,-1.3888888888888888,-1.1666666666666667,0.6871428571428572,2.79,0.09508611417588608,0.14097420278836867,5.358333333333333,0.17193303195009269,2.9834986765923452,-1.0,-1.9166666666666667,-1.5,-0.10693720762838334,3.110540513634679
2005-05-01,-1.0,-1.3611111111111112,-1.1666666666666667,0.4959090909090909,3.0,0.126071477015969,0.17882847313833736,5.335204545454546,0.1692135956462453,3.0465761000126075,-1.0,-1.8888888888888888,-1.5,0.012868334581849569,3.2289159012023956
2005-06-01,-1.0,-1.3333333333333333,-1.1666666666666667,0.3577272727272727,3.04,0.0926975609669211,0.1558823184251951,5.4345,0.14461460279356328,2.829153726044389,-2.0,-1.8888888888888888,-1.5833333333333333,-0.030385054889321694,3.035744665854351
2005-07-01,-2.0,-1.3333333333333333,-1.25,0.30714285714285716,3.26,0.22879859808138545,0.3044361898454108,5.595785714285714,0.13625761781724308,3.178468645212225,-1.0,-1.8611111111111112,-1.5,0.10753525521867124,3.1491445664018833
2005-08-01,-2.0,-1.3333333333333333,-1.3333333333333333,0.21826086956521742,3.5,0.20328999013642735,0.29201710635268086,5.529108695652174,0.15553113065419685,3.277141393429457,-2.0,-1.8333333333333333,-1.5,0.22497358810861293,2.9937663012043045
2005-09-01,-3.0,-1.3611111111111112,-1.4166666666666667,0.2545454545454546,3.62,0.19870811669841948,0.3180979254228922,5.558909090909091,0.15539968245232766,3.324933298249823,-1.0,-1.8055555555555556,-1.5,0.4389459511628379,3.2406675396055453
2005-10-01,-2.0,-1.3333333333333333,-1.4166666666666667,0.19142857142857145,3.78,0.13616320154864506,0.21797825175829244,5.741976190476191,0.17908539140120966,3.127091306402735,-1.0,-1.7777777777777777,-1.4166666666666667,0.45335971962535676,3.0933899322034812
2005-11-01,-3.0,-1.3611111111111112,-1.5833333333333333,0.11772727272727272,4.0,0.1296388136492664,0.16538223818568257,5.920363636363636,0.14829758062503073,2.369432133541582,-2.0,-1.7777777777777777,-1.5,0.5989220699343843,3.080500408981275
2005-12-01,-1.0,-1.3333333333333333,-1.5833333333333333,0.05954545454545455,4.16,0.06971950656822341,0.15656718242714604,5.917681818181818,0.13509382857414717,2.7286180340432145,-1.0,-1.7222222222222223,-1.4166666666666667,0.6572117221125746,2.9988966648485436
2006-01-01,-3.0,-1.3888888888888888,-1.75,0.020454545454545454,4.29,0.16828016522798184,0.2844217025650171,5.774,0.14657152809003426,3.0295415827856353,-1.0,-1.6666666666666667,-1.3333333333333333,0.7422605590807593,3.0213338141564905
2006-02-01,-2.0,-1.4166666666666667,-1.8333333333333333,-0.1015,4.49,0.13001546152544474,0.2108579634697898,5.894375,0.15231587385489886,2.7293809161232994,-1.0,-1.6388888888888888,-1.3333333333333333,0.625373662132362,2.9736019000952587
2006-03-01,-2.0,-1.4444444444444444,-1.9166666666666667,-0.009999999999999998,4.59,0.18468695861359666,0.2859081344276552,5.865717391304347,0.14208646835154248,2.76897497795328,-1.0,-1.6111111111111112,-1.25,0.731420468051831,3.0866013333930704
2006-04-01,-2.0,-1.4166666666666667,-2.0,0.101,4.79,0.24896537381736392,0.3948227102222622,5.847325,0.14521707259891364,3.0128992416348277,-1.0,-1.5833333333333333,-1.25,0.8279507425221108,3.11899295216586
2006-05-01,-2.0,-1.4166666666666667,-2.0833333333333335,0.14,4.94,0.13659515754013762,0.2951759232240223,5.590413043478261,0.17278257286874468,2.8956868128153075,-1.0,-1.5555555555555556,-1.25,0.6231161603082387,3.012018003660452
2006-06-01,-2.0,-1.4444444444444444,-2.1666666666666665,-0.015454545454545453,4.99,0.1384979137832724,0.2795907465108646,5.732522727272727,0.20582899147441044,2.7831975067551027,-2.0,-1.5555555555555556,-1.25,0.5830820185576845,3.020531658181633
2006-07-01,-3.0,-1.5,-2.25,-0.030476190476190476,5.24,0.07924052276974557,0.2259187755775334,5.7839285714285715,0.18456195616582155,2.8904781696078095,-1.0,-1.5,-1.25,0.5268287587769934,2.861806840540073
2006-08-01,-2.0,-1.5277777777777777,-2.25,-0.026956521739130435,5.25,0.13760863562115985,0.25457900056935084,5.797347826086956,0.1636652291482745,3.0097165472057688,-3.0,-1.5277777777777777,-1.3333333333333333,0.5298613312251678,2.970313071123431
2006-09-01,-3.0,-1.5833333333333333,-2.25,-0.04857142857142857,5.25,0.1725361526240022,0.23438248407246878,5.857833333333334,0.14974459516359784,2.2598804637854704,-1.0,-1.5,-1.3333333333333333,0.3595370672030193,2.86647174065675
2006-10-01,-3.0,-1.6388888888888888,-2.3333333333333335,-0.06681818181818182,5.25,0.26542864564021135,0.34981907069482215,5.929363636363636,0.13927153562389236,2.5116278169078723,-1.0,-1.4722222222222223,-1.3333333333333333,0.38536402253142943,2.7451912643052303
2006-11-01,-2.0,-1.6666666666666667,-2.25,-0.14636363636363636,5.25,0.2309164654653899,0.3321579236013232,5.863500000000001,0.13171868353773333,2.482853376386686,-2.0,-1.4166666666666667,-1.3333333333333333,0.20275289421913442,2.603517067986625
2006-12-01,-3.0,-1.7222222222222223,-2.4166666666666665,-0.10857142857142857,5.24,0.2575399286914844,0.3285230820031109,5.870928571428571,0.13440906292642912,2.859293947677718,-1.0,-1.3888888888888888,-1.3333333333333333,0.16090420060737246,2.7255936703791894
2007-01-01,-4.0,-1.8055555555555556,-2.5,-0.11652173913043479,5.25,0.23468767506287855,0.27041044855306234,6.018434782608696,0.13678116364896944,2.3697624367130197,-5.0,-1.4722222222222223,-1.6666666666666667,0.11028497447704216,2.343515471359678
2007-02-01,-4.0,-1.8888888888888888,-2.6666666666666665,-0.1265,5.26,0.1886184948608237,0.2625688960289421,6.0192250000000005,0.13232554772666377,2.5293136227304402,-5.0,-1.5833333333333333,-2.0,0.19087124370205721,2.402912680266548
2007-03-01,-5.0,-2.0,-2.9166666666666665,-0.009090909090909092,5.26,0.1884483618394194,0.255595553536393,5.863818181818181,0.1853252506270163,2.5684114152237187,-5.0,-1.6944444444444444,-2.3333333333333335,0.06435343347437027,2.5070688511612476
2007-04-01,-5.0,-2.111111111111111,-3.1666666666666665,0.027619047619047623,5.25,0.24732415980879194,0.2764485060343256,5.947809523809523,0.15801414887559875,2.566948344049436,-4.0,-1.7777777777777777,-2.5833333333333335,0.08150583295303405,2.445517188983957
2007-05-01,-4.0,-2.1944444444444446,-3.3333333333333335,-0.019130434782608695,5.25,0.3616457904067176,0.3935759730673211,6.040478260869565,0.1619984505735017,2.3013945685398354,-4.0,-1.8611111111111112,-2.8333333333333335,0.3024562391157329,2.33418768667281
2007-06-01,-4.0,-2.2777777777777777,-3.5,0.12238095238095237,5.25,0.3252963689484266,0.37518077579927195,6.131404761904762,0.18042717848602632,2.245605506150316,-5.0,-1.9722222222222223,-3.0833333333333335,0.3205797456067851,2.2587120303624095
2007-07-01,-4.0,-2.361111111111111,-3.5833333333333335,0.18409090909090908,5.26,0.25454808463750095,0.3207382309379394,6.069386363636363,0.20430083219942424,1.9267317258424908,-5.0,-2.0555555555555554,-3.4166666666666665,0.22922312943137232,1.820873043797926
2007-08-01,-4.0,-2.4444444444444446,-3.75,0.3617391304347826,5.02,0.24381160693294876,0.27491509652554635,5.838500000000001,0.303248898580335,1.9989619072960985,-5.0,-2.138888888888889,-3.5833333333333335,0.08269923374176065,2.216703298955753
2007-09-01,-4.0,-2.5,-3.8333333333333335,0.506,4.94,0.270343024542122,0.3489596896175051,5.7528,0.27412624797662816,1.948161657851316,-4.0,-2.2222222222222223,-3.8333333333333335,0.11321196387445365,1.9300753818668335
2007-10-01,-5.0,-2.5833333333333335,-4.0,0.5582608695652174,4.76,0.23934990222605626,0.3353092622034696,5.793804347826087,0.23163517174884313,1.6590170767269472,-4.0,-2.2777777777777777,-4.083333333333333,0.07684837383423392,1.7614028647711066
2007-11-01,-5.0,-2.6944444444444446,-4.25,0.8168181818181818,4.49,0.12789724472397815,0.2132456885473393,5.545,0.3094965744683036,2.135467961695161,-4.0,-2.361111111111111,-4.25,-0.029259998725105263,1.4777739115829802
2007-12-01,-4.0,-2.7777777777777777,-4.333333333333333,0.980952380952381,4.24,0.08781203958031607,0.14664484009988724,5.621714285714286,0.260951684043948,1.4540967959380404,-4.0,-2.4166666666666665,-4.5,-0.18757379066510305,1.514138828956595
2008-01-01,-4.0,-2.861111111111111,-4.333333333333333,1.2639130434782608,3.94,-0.04781902478349632,-0.012101004113699057,5.392282608695652,0.3194277138326827,1.5892716097798143,-4.0,-2.4722222222222223,-4.416666666666667,-0.40340771663633507,1.1025920167688348
2008-02-01,-4.0,-2.9444444444444446,-4.333333333333333,1.7676190476190474,2.98,-0.07033317269665784,-0.0136484058010787,5.354833333333334,0.30878380124526494,1.4529608367889453,-4.0,-2.5555555555555554,-4.333333333333333,-0.4207479800183947,0.9523371958671353
2008-03-01,-4.0,-3.0277777777777777,-4.25,1.8861904761904762,2.61,-0.09628243017198433,-0.064561695369565,5.036404761904762,0.3331835959969003,1.3642409594199887,-5.0,-2.638888888888889,-4.333333333333333,-0.5442490781494637,1.0523989540442855
2008-04-01,-4.0,-3.111111111111111,-4.166666666666667,1.627727272727273,2.28,-0.0902515199255613,-0.05305408070362472,5.132954545454545,0.2640365360998121,0.9567322038724659,-4.0,-2.7222222222222223,-4.333333333333333,-0.3486943295572336,0.7772262367364515
2008-05-01,-5.0,-3.2222222222222223,-4.25,1.4318181818181819,1.98,-0.12724360858359654,-0.07608680826666026,5.214545454545455,0.22612385061273702,1.2628260925221972,-5.0,-2.8333333333333335,-4.416666666666667,-0.34303915101338317,0.6986302239003892
2008-06-01,-5.0,-3.3333333333333335,-4.333333333333333,1.3257142857142856,2.0,-0.26794302496517797,-0.22520027505920037,5.342809523809524,0.2656738504824476,1.441435021585764,-5.0,-2.9166666666666665,-4.416666666666667,-0.491303220930849,0.647429324453387
2008-07-01,-5.0,-3.4166666666666665,-4.416666666666667,1.4352173913043478,2.01,-0.22259685960727768,-0.22787884192660926,5.342282608695652,0.29696560775737313,1.0307580781229821,-5.0,-3.0277777777777777,-4.416666666666667,-0.40818860847789096,0.04375661807484071
2008-08-01,-5.0,-3.5,-4.5,1.4652380952380952,2.0,-0.22296652537456987,-0.2562849445850874,5.469214285714285,0.2531313077418645,0.27564267359588257,-5.0,-3.111111111111111,-4.416666666666667,-0.3840749647400498,0.0
2008-09-01,-4.0,-3.5277777777777777,-4.5,1.604090909090909,1.81,-0.4554102782793161,-0.5815826320596051,5.327931818181818,0.3515594798933725,0.6609606281831523,-4.0,-3.1944444444444446,-4.416666666666667,-0.6874252891084464,0.4085072102990256
2008-10-01,-5.0,-3.611111111111111,-4.5,2.2043478260869565,0.97,-0.7677955463184917,-0.9792648579302584,5.0088478260869564,0.7312539527536999,0.3715099809304644,-4.0,-3.2777777777777777,-4.416666666666667,-1.087032015898493,0.6269029478430591
2008-11-01,-5.0,-3.6666666666666665,-4.5,2.305,0.39,-0.8120484039109078,-1.0182168776511844,4.840475,0.7652073762375506,0.0,-4.0,-3.3333333333333335,-4.416666666666667,-0.952799528782359,0.8572366688203262
2008-12-01,-5.0,-3.7777777777777777,-4.583333333333333,1.5826086956521739,0.16,-0.7645692714649752,-0.9266344715841363,4.5539565217391305,0.6392445132561403,0.6493280674303629,-4.0,-3.4166666666666665,-4.416666666666667,-0.8207031770164454,1.2259245032210713
2009-01-01,-2.0,-3.75,-4.416666666666667,1.6986363636363635,0.15,-0.8128132180946376,-0.9570104771812694,4.51709090909091,0.5440143262744668,1.2411998118098762,-3.0,-3.4722222222222223,-4.333333333333333,-0.8035414097704113,1.112338504141959
2009-02-01,-2.0,-3.75,-4.25,1.8885,0.22,-0.9779543192776367,-1.1656176330976042,4.64095,0.5595416444615524,1.7017396937442102,-1.0,-3.4722222222222223,-4.083333333333333,-0.9233050021570283,1.6835974753917584
2009-03-01,-2.0,-3.75,-4.083333333333333,1.8881818181818182,0.18,-0.7981108975562728,-0.9985651830455958,4.884818181818182,0.544827873067224,1.4384860436966826,-1.0,-3.4722222222222223,-3.75,-0.624232027173953,2.1757064706533216
2009-04-01,-2.0,-3.75,-3.9166666666666665,2.0,0.15,-0.7116347345122165,-0.8902378465080701,4.944568181818182,0.4687606335432793,1.6531987878768175,-1.0,-3.4722222222222223,-3.5,-0.6511837177300169,2.407536927175911
2009-05-01,-3.0,-3.7777777777777777,-3.75,2.371904761904762,0.18,-0.6243922003652859,-0.7443544220216061,4.826666666666666,0.3921819199984619,1.5987780425840774,-1.0,-3.4722222222222223,-3.1666666666666665,-0.5642964583884935,2.637870648153044
2009-06-01,-3.0,-3.8055555555555554,-3.5833333333333335,2.5377272727272726,0.21,-0.4458181588861693,-0.5868984377507871,4.832886363636363,0.3541540613081247,2.414478827862133,-3.0,-3.5,-3.0,-0.35693272279358007,2.549658849524509
2009-07-01,-3.0,-3.8055555555555554,-3.4166666666666665,2.5426086956521736,0.16,-0.29894429136627737,-0.393354483043467,4.721565217391304,0.318123729330189,2.3343123253767994,-3.0,-3.5555555555555554,-2.8333333333333335,-0.2713168465634284,3.3941821983851233
2009-08-01,-2.0,-3.8055555555555554,-3.1666666666666665,2.4719047619047623,0.16,-0.25873714888772353,-0.28482410092647065,4.744261904761905,0.3065897193554749,2.311290734293634,-2.0,-3.5277777777777777,-2.5833333333333335,-0.19994855034971282,3.751903109466805
2009-09-01,-3.0,-3.8055555555555554,-3.0833333333333335,2.4499999999999997,0.15,-0.03320396994539245,0.018119490173679847,4.569045454545455,0.303735738638167,2.533141042011862,-1.0,-3.5277777777777777,-2.3333333333333335,0.010177381205870048,3.4261036243359437
2009-10-01,-3.0,-3.8055555555555554,-2.9166666666666665,2.438181818181818,0.12,0.21690194563533868,0.3291544036251397,4.514795454545455,0.29150495370040763,2.0843584506796597,-2.0,-3.5555555555555554,-2.1666666666666665,0.3972143926501812,3.169986424151482
2009-11-01,-2.0,-3.8055555555555554,-2.6666666666666665,2.5995238095238093,0.12,0.45376293054054945,0.5257849515961451,4.455976190476191,0.2931603340527896,2.4055122037242187,-1.0,-3.5277777777777777,-1.9166666666666667,0.2443453891705533,3.0158832123135295
2009-12-01,-2.0,-3.7777777777777777,-2.4166666666666665,2.72,0.12,0.4538966788114005,0.49283867949893434,4.500413043478261,0.25772528373418446,2.104541097535441,-2.0,-3.5555555555555554,-1.75,0.379901868228605,2.7587550563136998
2010-01-01,-3.0,-3.75,-2.5,2.7995238095238095,0.11,0.5393064619619209,0.5763003558279985,4.560214285714285,0.2477123317257428,2.1550268884105406,-4.0,-3.5277777777777777,-1.8333333333333333,0.49750848465919795,3.0819850931736634
2010-02-01,-3.0,-3.7222222222222223,-2.5833333333333335,2.8345,0.13,0.8324686811574789,0.8277964754752621,4.5065,0.2792719706534504,2.217749132114162,-3.0,-3.4722222222222223,-2.0,0.5957752946880798,2.7138600388227667
2010-03-01,-4.0,-3.6944444444444446,-2.75,2.7686956521739132,0.16,0.7623350263539331,0.7868849276366362,4.534391304347826,0.21693911149076872,2.0759555419744733,-4.0,-3.4444444444444446,-2.25,0.6174183746586167,2.666263019353139
2010-04-01,-3.0,-3.638888888888889,-2.8333333333333335,2.786363636363636,0.2,0.6146250767064115,0.5832354353136683,4.673068181818182,0.20998471061714694,2.26073437042631,-3.0,-3.4166666666666665,-2.4166666666666665,0.44545393780514114,2.5081937782713237
2010-05-01,-3.0,-3.611111111111111,-2.8333333333333335,2.585714285714286,0.2,0.30999783334873016,0.19740294245653778,4.592619047619047,0.38420030069257105,2.3349688868400094,-3.0,-3.388888888888889,-2.5833333333333335,0.03816592731838272,2.1689600735081993
2010-06-01,-4.0,-3.611111111111111,-2.9166666666666665,2.4795454545454545,0.18,0.239251456017659,0.15912900225357765,4.5391818181818175,0.3619982527689738,2.0523370593917245,-4.0,-3.361111111111111,-2.6666666666666665,-0.11041544313272804,1.7655058498954597
2010-07-01,-3.0,-3.5833333333333335,-2.9166666666666665,2.391818181818182,0.18,0.2354151587790135,0.15844332036578543,4.377409090909091,0.3159555325057038,2.4832553558909223,-5.0,-3.361111111111111,-2.8333333333333335,-0.14958560267513613,1.972276722961314
2010-08-01,-3.0,-3.5555555555555554,-3.0,2.178181818181818,0.19,0.07826399488261006,0.007061032779482797,4.267704545454546,0.30464823651691036,2.24554846230397,-4.0,-3.3333333333333335,-3.0,-0.3220735767869842,2.0102660011150464
2010-09-01,-3.0,-3.5277777777777777,-3.0,2.1654545454545455,0.19,0.17111946160827074,0.1013073145009804,4.218090909090909,0.27454126692987585,2.455999781524846,-3.0,-3.3055555555555554,-3.1666666666666665,-0.14348086828793524,1.924299404468702
2010-10-01,-3.0,-3.4722222222222223,-3.0,2.1595238095238094,0.19,0.2780923855149062,0.20577246678896022,4.088619047619048,0.2502289051151128,2.3958005325084444,-4.0,-3.3055555555555554,-3.3333333333333335,-0.1611890384649347,2.061785941100338
2010-11-01,-3.0,-3.4166666666666665,-3.0833333333333335,2.3086363636363636,0.19,0.16274474561006078,0.08492364497190043,4.128295454545455,0.2451269192968963,2.4701104770551874,-3.0,-3.2777777777777777,-3.5,0.12466087428128651,1.958417098192476
2010-12-01,-3.0,-3.388888888888889,-3.1666666666666665,2.6756521739130434,0.18,0.24532973961690427,0.1814394752965021,4.16104347826087,0.21365812835228895,2.5361025969319706,-5.0,-3.3055555555555554,-3.75,-0.044649009251285815,1.7848427916384642
2011-01-01,-4.0,-3.388888888888889,-3.25,2.7800000000000002,0.17,0.36338392351966053,0.30868257237526514,4.1307857142857145,0.20794821255947976,2.8045329275058455,-3.0,-3.2777777777777777,-3.6666666666666665,0.022171126583773723,2.3050943680327713
2011-02-01,-3.0,-3.361111111111111,-3.25,2.7995,0.16,0.3689727214244913,0.3518458914561868,4.127575,0.21550368188166016,2.4893143072826853,-2.0,-3.2222222222222223,-3.5833333333333335,0.11154735965331429,2.180280953641092
2011-03-01,-5.0,-3.388888888888889,-3.3333333333333335,2.7169565217391307,0.14,0.2651327916767669,0.22475975334585815,4.078304347826087,0.24973315051434616,2.473530433887881,-2.0,-3.138888888888889,-3.4166666666666665,-0.18701078323687503,2.3755117917859665
2011-04-01,-4.0,-3.388888888888889,-3.4166666666666665,2.7214285714285715,0.1,0.2920530447317619,0.3056986774211554,4.15797619047619,0.19687414940440912,2.5750201701471918,-2.0,-3.0833333333333335,-3.3333333333333335,-0.16302593867769896,2.3646907442217135
2011-05-01,-3.0,-3.3333333333333335,-3.4166666666666665,2.612727272727273,0.09,0.4629139097853127,0.47819779533920376,4.0566818181818185,0.20623577325851794,2.5051075334836885,-2.0,-3.0,-3.25,0.060118495235236935,2.3882238110346323
2011-06-01,-4.0,-3.3055555555555554,-3.4166666666666665,2.591818181818182,0.09,0.49727382226152644,0.4942283513654351,4.022795454545454,0.2312910140021055,2.2256142815841793,-2.0,-2.9166666666666665,-3.0833333333333335,0.1454630045567552,2.4202146117669376
2011-07-01,-3.0,-3.25,-3.4166666666666665,2.6023809523809525,0.07,0.32688765879357795,0.3102442756564195,3.9621904761904765,0.2292094891679639,2.581111604655864,-2.0,-2.8333333333333335,-2.8333333333333335,0.1145281761931415,2.6821337644208643
2011-08-01,-4.0,-3.2222222222222223,-3.5,2.072608695652174,0.1,0.3280890714647822,0.25782488473750126,3.8519347826086956,0.4177677650755503,2.4093315331896643,-3.0,-2.7777777777777777,-2.75,0.09229157275893864,2.5583313058445576
2011-09-01,-3.0,-3.1944444444444446,-3.5,1.7640909090909092,0.08,0.03250817054758889,-0.07655384876144707,3.841909090909091,0.4459976343333363,2.4822367430390915,-2.0,-2.7222222222222223,-2.6666666666666665,-0.07304936946816402,2.8091515937794083
2011-10-01,-3.0,-3.138888888888889,-3.5,1.870952380952381,0.07,0.16991568322616205,0.0515785727278635,3.8331190476190478,0.4040103743400898,2.7084926513467886,-2.0,-2.6666666666666665,-2.5,0.028161129215972455,2.799170663621852
2011-11-01,-4.0,-3.111111111111111,-3.5833333333333335,1.755909090909091,0.08,0.17026807314866224,0.051332282104690624,3.8758636363636367,0.3898129787254316,2.4663523794848254,-3.0,-2.638888888888889,-2.5,-0.23685600340287563,2.6418931050837755
2011-12-01,-3.0,-3.0555555555555554,-3.5833333333333335,1.720909090909091,0.07,0.07362657235438502,-0.07880298976429252,3.8909090909090907,0.30214161511792176,2.5013626874272674,-2.0,-2.5833333333333335,-2.25,-0.28339567508922087,2.785679028487011
2012-01-01,-2.0,-3.0555555555555554,-3.4166666666666665,1.721818181818182,0.08,0.10974305618714296,-0.030866539096621404,3.8455227272727273,0.25230597643967484,2.705735601225992,-1.0,-2.5277777777777777,-2.0833333333333335,-0.20929967862476082,2.746846145096682
2012-02-01,-3.0,-3.0833333333333335,-3.4166666666666665,1.691904761904762,0.1,0.1226555764558049,-0.01460323297451116,3.928690476190476,0.2255238954884445,2.543776997604244,-1.0,-2.5277777777777777,-2.0,-0.08888819055734372,2.981236245576644
2012-03-01,-2.0,-3.0833333333333335,-3.1666666666666665,1.8281818181818181,0.13,0.18194427961849913,0.032277761524538894,4.125704545454545,0.1968579201725416,2.6349820960068304,-2.0,-2.5555555555555554,-2.0,0.11403551800484095,3.0598400775968755
2012-04-01,-2.0,-3.0833333333333335,-3.0,1.7609523809523808,0.14,0.11224935180956719,-0.07260624289429918,4.063142857142857,0.2172313051786544,2.8871242053341404,-1.0,-2.5555555555555554,-1.9166666666666667,-0.054120575111436954,2.9662493729353656
2012-05-01,-4.0,-3.111111111111111,-3.0833333333333335,1.514782608695652,0.16,0.021258318029948653,-0.19600025367312088,3.9834782608695654,0.25350838230894185,2.1312454486485026,-1.0,-2.5555555555555554,-1.8333333333333333,-0.18663598951097307,2.9607611461459755
2012-06-01,-2.0,-3.0833333333333335,-2.9166666666666665,1.3304761904761906,0.16,0.13435290089862764,-0.06664611182306722,3.9666666666666663,0.2584696639036721,2.6308426129712776,-1.0,-2.5,-1.75,-0.10411798509113741,2.9706881562253096
2012-07-01,-2.0,-3.0555555555555554,-2.8333333333333335,1.2818181818181817,0.16,0.20077790573667767,-0.00613389391826417,3.9477954545454548,0.2143273277558068,2.717362444694213,-2.0,-2.4722222222222223,-1.75,-0.1738645784450005,2.909436645159207
2012-08-01,-4.0,-3.111111111111111,-2.8333333333333335,1.4095652173913045,0.13,0.325181701916104,0.16105396289021004,3.933043478260869,0.19073332324248218,2.698677219985201,-2.0,-2.4722222222222223,-1.6666666666666667,0.02277142066697338,3.4061271960087645
2012-09-01,-3.0,-3.111111111111111,-2.8333333333333335,1.4625,0.14,0.5105891639630052,0.38172883650585554,3.907025,0.18826943315786987,2.942496004302783,-1.0,-2.4722222222222223,-1.5833333333333333,0.08126815249387014,3.091280966293925
2012-10-01,-2.0,-3.0833333333333335,-2.75,1.4686956521739132,0.16,0.26493553149953963,0.16834996365093405,3.949413043478261,0.19620162763754798,2.8280876696455772,-1.0,-2.4444444444444446,-1.5,0.02706677756435896,3.078552066115281
2012-11-01,-3.0,-3.111111111111111,-2.6666666666666665,1.3845454545454545,0.16,0.2744725804570361,0.2339959006955583,4.0518636363636364,0.20145889246632984,2.646770968441493,-1.0,-2.4444444444444446,-1.3333333333333333,0.2527685785311206,2.8727192207832117
2012-12-01,-2.0,-3.111111111111111,-2.5833333333333335,1.4652380952380952,0.16,0.2707718691019038,0.2703148508620797,4.194738095238096,0.21129979808811417,2.60323208689237,-1.0,-2.4166666666666665,-1.25,0.4382043525879664,3.0048181546330013
2013-01-01,-1.0,-3.0555555555555554,-2.5,1.6421739130434785,0.14,0.2793037797835974,0.2678003103159999,4.454282608695652,0.1698906808368832,2.887067050320212,-3.0,-2.388888888888889,-1.4166666666666667,0.4906118107952118,2.935355908756409
2013-02-01,-2.0,-3.0277777777777777,-2.4166666666666665,1.718,0.15,0.22395919722167498,0.18121292978182002,4.6552750000000005,0.16757164886074846,3.1424695556374393,-3.0,-2.388888888888889,-1.5833333333333333,0.3746775376939044,2.769827719706445
2013-03-01,-3.0,-3.0,-2.5,1.6976190476190476,0.14,0.23506718196649776,0.19788601487161314,4.742714285714285,0.1589009974788628,2.430953951961249,-3.0,-2.361111111111111,-1.6666666666666667,0.4368147922644739,2.8377081320918793
2013-04-01,-2.0,-2.9722222222222223,-2.5,1.526818181818182,0.15,0.2839308258433303,0.27860529697398867,4.886977272727273,0.16907067503703854,2.5953824325768804,-3.0,-2.361111111111111,-1.8333333333333333,0.8090254197960824,2.8847060487021
2013-05-01,-1.0,-2.9166666666666665,-2.25,1.6856521739130437,0.11,0.43792825106791883,0.4433057024728775,5.048717391304348,0.16388606396359795,2.719863114156589,-3.0,-2.361111111111111,-2.0,0.9700518685130297,2.7356070484143045
2013-06-01,-1.0,-2.8333333333333335,-2.1666666666666665,1.9665,0.09,0.32841661862132754,0.29227021569736195,4.863425,0.20849557829129614,2.9590140257267046,-3.0,-2.3333333333333335,-2.1666666666666665,0.8623714856748941,2.5964635162840635
2013-07-01,-2.0,-2.8055555555555554,-2.1666666666666665,2.2378260869565216,0.09,0.39115589500826015,0.3596906054233931,4.981413043478261,0.173150628554229,2.758965123996718,-4.0,-2.3055555555555554,-2.3333333333333335,0.930570480906659,2.5593334731539628
2013-08-01,-1.0,-2.75,-1.9166666666666667,2.380909090909091,0.08,0.2957252465557647,0.2739869971031195,4.8895,0.17220945177686653,3.0158553797381713,-4.0,-2.3055555555555554,-2.5,0.866298080873959,2.6909461279272646
2013-09-01,-1.0,-2.6944444444444446,-1.75,2.4066666666666667,0.08,0.30353657396801487,0.3148081916328218,4.9588809523809525,0.18017955235948363,2.8077143398681423,-3.0,-2.3055555555555554,-2.6666666666666665,1.0130442819430525,2.6517174598505906
2013-10-01,-1.0,-2.638888888888889,-1.6666666666666667,2.284782608695652,0.09,0.4192398484870665,0.39681286609377775,4.890586956521739,0.18829887765783826,2.8420759461854255,-3.0,-2.2777777777777777,-2.8333333333333335,0.9864201934226052,2.7319434240443385
2013-11-01,-1.0,-2.5833333333333335,-1.5,2.419047619047619,0.08,0.467575778883295,0.4068548780654971,5.004952380952381,0.15696030223805407,3.0204045875392707,-3.0,-2.2777777777777777,-3.0,1.0567344663127898,2.6558898498530126
2013-12-01,-1.0,-2.5277777777777777,-1.4166666666666667,2.564090909090909,0.09,0.4973885537575356,0.4103183655675426,5.179454545454546,0.1704394239520858,3.16790195115043,-3.0,-2.2222222222222223,-3.1666666666666665,0.9418009966592654,2.7162078738098363
2014-01-01,-1.0,-2.4444444444444446,-1.4166666666666667,2.4721739130434783,0.07,0.3430018248392894,0.2523192843573883,5.192934782608695,0.16930178883175448,2.9216498533870534,-2.0,-2.1944444444444446,-3.0833333333333335,0.6568308803563019,2.7128300556558167
2014-02-01,0.0,-2.361111111111111,-1.25,2.3835,0.07,0.40804191860091876,0.3506157123261109,5.105175,0.18892852254458797,3.049499683394648,-1.0,-2.1666666666666665,-2.9166666666666665,0.5705165373657453,2.8253897206351297
2014-03-01,0.0,-2.2222222222222223,-1.0,2.3242857142857143,0.08,0.351980100353175,0.3080625109747691,5.117119047619048,0.1781006452206914,3.132217289747257,-2.0,-2.1666666666666665,-2.8333333333333335,0.4392986068607139,3.0006696734942104
2014-04-01,-1.0,-2.138888888888889,-0.9166666666666666,2.2886363636363636,0.09,0.32943771487842904,0.26912242452804697,5.124681818181818,0.17243482900322982,2.8514662299333478,-2.0,-2.1666666666666665,-2.75,0.14883887981162544,3.4715553369687386
2014-05-01,0.0,-2.0555555555555554,-0.8333333333333334,2.1681818181818184,0.09,0.3312318151005888,0.30446662222252513,5.091181818181818,0.15331082709263938,3.136648307107915,-1.0,-2.138888888888889,-2.5833333333333335,0.19419013047156974,3.028233249325425
2014-06-01,0.0,-1.9444444444444444,-0.75,2.146190476190476,0.1,0.39810237083528954,0.38961827065696947,5.102619047619048,0.14123317310151018,3.1255140348817325,-2.0,-2.138888888888889,-2.5,0.26570876827466344,3.031328652429739
2014-07-01,0.0,-1.8611111111111112,-0.5833333333333334,2.04,0.09,0.28352877298321827,0.26773495505439443,5.087130434782608,0.14430008112662424,3.175027803984414,-1.0,-2.111111111111111,-2.25,0.31712938027539,3.004039465825216
2014-08-01,0.0,-1.75,-0.5,1.9476190476190476,0.09,0.41673054302712464,0.3515225436962328,5.148119047619048,0.16468853269817746,3.046314923895987,-1.0,-2.0555555555555554,-2.0,0.326663370303026,3.1409972776778416
2014-09-01,-1.0,-1.6944444444444444,-0.5,1.964090909090909,0.09,0.32902215070878377,0.2025776802986514,5.3685909090909085,0.16314492702105515,2.8990620122324375,-1.0,-2.0277777777777777,-1.8333333333333333,0.2612675022065454,3.0900931187905414
2014-10-01,0.0,-1.6111111111111112,-0.4166666666666667,1.8569565217391304,0.09,0.29290385298990157,0.14544649482732375,5.4002608695652174,0.21996771119518693,3.052244035836889,-1.0,-2.0,-1.6666666666666667,0.30827152315517153,3.0586076249853003
2014-11-01,-2.0,-1.5555555555555556,-0.5,1.7955,0.09,0.2880289267618661,0.15193669740873464,5.819425,0.16420969441918434,2.6755630176251732,-2.0,-1.9722222222222223,-1.5833333333333333,0.2607522228877299,2.9673963130840937
2014-12-01,-2.0,-1.5277777777777777,-0.5833333333333334,1.5704347826086955,0.12,0.23741175358399305,0.08353218231476944,5.971152173913043,0.19551808977620488,2.55021629238021,-1.0,-1.9444444444444444,-1.4166666666666667,0.18519400968047603,3.182754639039472
2015-01-01,-3.0,-1.5555555555555556,-0.75,1.335909090909091,0.11,0.24424976894531972,0.1177483235720345,5.915977272727273,0.23026307738357613,2.370505719840334,0.0,-1.9166666666666667,-1.25,0.36785135821149023,3.036792996062226
2015-02-01,-3.0,-1.5555555555555556,-1.0,1.3605,0.11,0.2671682280453814,0.1348079064902684,5.9378,0.19808924338441372,3.162916608952775,0.0,-1.8888888888888888,-1.1666666666666667,0.5012228325200578,3.0690028450217035
2015-03-01,-2.0,-1.5555555555555556,-1.1666666666666667,1.4022727272727273,0.11,0.22099524487667402,0.10246775906014687,6.017704545454546,0.18020756120794165,2.9377874041363965,-1.0,-1.8611111111111112,-1.0833333333333333,0.5416097362417441,3.2594752469881465
2015-04-01,-2.0,-1.5555555555555556,-1.25,1.395,0.12,0.22460505833030817,0.12713590383187431,5.975159090909091,0.16710275657341278,2.748446488193784,-1.0,-1.8611111111111112,-1.0,0.6392150599902908,3.2618211882067887
2015-05-01,-2.0,-1.5,-1.4166666666666667,1.5842857142857145,0.12,0.20624848449139335,0.09798504375403407,6.041380952380952,0.1628918043858255,2.910290724863627,0.0,-1.8333333333333333,-0.9166666666666666,0.6979662574757709,3.1671316241772867
2015-06-01,-2.0,-1.5,-1.5833333333333333,1.675,0.13,0.12929318689178868,0.019574015101609166,6.183227272727273,0.1734737582646809,2.8638714673532317,0.0,-1.8055555555555556,-0.75,0.5977539675260495,2.987821829174752
2015-07-01,-2.0,-1.5,-1.75,1.661304347826087,0.13,0.19242142491790307,0.08141265405504104,6.16536956521739,0.1754694008845696,2.629300280887963,-1.0,-1.7777777777777777,-0.75,0.5766850482537359,3.1892631518456183
2015-08-01,-2.0,-1.4444444444444444,-1.9166666666666667,1.4695238095238095,0.14,-0.003858515220671784,-0.09448056004669765,6.152071428571428,0.22160218958770472,2.516274925276717,-1.0,-1.75,-0.75,0.436917299848021,3.0840894481490166
2015-09-01,-4.0,-1.4722222222222223,-2.1666666666666665,1.4595454545454545,0.14,-0.021832014433728033,-0.11106791832723435,6.003522727272728,0.29729327611806244,2.612026123185898,0.0,-1.7222222222222223,-0.6666666666666666,0.2017336551465336,3.215670157364786
2015-10-01,-3.0,-1.5,-2.4166666666666665,1.4249999999999998,0.12,0.08645437175802582,0.02110484244360522,6.0071818181818175,0.2071042947990109,2.4959508446533225,0.0,-1.6944444444444444,-0.5833333333333334,0.34686345243744693,3.154628207040062
2015-11-01,-3.0,-1.5,-2.5,1.3780952380952383,0.12,0.03791230474847418,-0.02979152002788867,6.130904761904762,0.19653438292787165,2.5599570272930245,-1.0,-1.6944444444444444,-0.5,0.284647312924875,3.0582630796096026
2015-12-01,-3.0,-1.5277777777777777,-2.5833333333333335,1.2582608695652175,0.24,0.014252618917240242,-0.03227717577419672,6.07858695652174,0.21463085636955478,2.690947227195729,0.0,-1.6666666666666667,-0.4166666666666667,0.21907243063732162,3.222171497454799
2016-01-01,0.0,-1.5,-2.3333333333333335,1.1866666666666665,0.34,-0.027162986663320083,-0.11831991713672195,5.914119047619048,0.2863707699872477,2.8173722035415403,-2.0,-1.6388888888888888,-0.5833333333333334,0.0384196070561151,3.0193031737342233
2016-02-01,-1.0,-1.4722222222222223,-2.1666666666666665,1.0457142857142858,0.38,-0.14496310861820264,-0.2508541838947303,5.732333333333334,0.279068685831218,2.7038331202528214,-1.0,-1.5833333333333333,-0.6666666666666666,-0.2538977652321133,3.3131079710837548
2016-03-01,0.0,-1.3888888888888888,-2.0,1.0143478260869565,0.36,0.0035561522644277734,-0.10184233331556924,5.646326086956521,0.19812604624518446,3.216166894987525,-1.0,-1.5277777777777777,-0.6666666666666666,-0.21185069054918135,3.276955440172383
2016-04-01,-1.0,-1.3611111111111112,-1.9166666666666667,1.0371428571428571,0.37,-0.006897818683184325,-0.1148121763820754,5.47754761904762,0.17528462022470978,3.4217675531565352,-1.0,-1.4722222222222223,-0.6666666666666666,-0.24661739419370973,3.250759875457594
2016-05-01,0.0,-1.3333333333333333,-1.75,0.9890909090909091,0.37,0.0012605470905295152,-0.11139504203732599,5.44875,0.18221945600981782,3.087458312515261,-1.0,-1.4166666666666667,-0.75,-0.28449696590413637,3.2295343049531207
2016-06-01,0.0,-1.3055555555555556,-1.5833333333333333,0.9127272727272728,0.38,0.04493979573582302,-0.08512684709265284,5.271795454545455,0.2155421618460264,3.312094635310732,-1.0,-1.3611111111111112,-0.8333333333333334,-0.4367817019320465,3.2147919426339904
2016-07-01,0.0,-1.25,-1.4166666666666667,0.8304761904761906,0.39,0.07836999226323477,-0.035913809859250446,5.203523809523809,0.16322005366186149,2.97362315474513,-2.0,-1.3055555555555556,-0.9166666666666666,-0.3437434109711637,3.308046516072451
2016-08-01,0.0,-1.2222222222222223,-1.25,0.8191304347826087,0.4,0.1988114298242646,0.09797123763324123,5.064608695652174,0.150257373066041,3.282904120043514,-1.0,-1.2222222222222223,-0.9166666666666666,-0.14383230042611986,3.244498871772389
2016-09-01,0.0,-1.1944444444444444,-0.9166666666666666,0.8572727272727273,0.4,0.24496570947028026,0.17739676142716757,5.090818181818182,0.17215997728233962,3.1757715862220826,-1.0,-1.1666666666666667,-1.0,-0.04746531970473016,3.2313063254133167
2016-10-01,0.0,-1.1666666666666667,-0.6666666666666666,0.9204761904761906,0.4,0.053901772660944335,-0.006862838141734699,5.191619047619048,0.1767934097373793,3.1866276375273457,-2.0,-1.1388888888888888,-1.1666666666666667,-0.11143500435018171,3.4331151705689744
2016-11-01,0.0,-1.1388888888888888,-0.4166666666666667,1.169090909090909,0.41,0.11632445028550319,0.030023100074878822,5.43025,0.18506689547188795,3.0678685858504773,-1.0,-1.0833333333333333,-1.1666666666666667,-0.07901502257693027,3.103401512966579
2016-12-01,0.0,-1.1111111111111112,-0.16666666666666666,1.2950000000000002,0.54,0.18044588419396557,0.10578975344552109,5.805136363636364,0.1508097001802959,3.2549323198809494,-2.0,-1.0555555555555556,-1.3333333333333333,0.06726668749778701,3.000135458425958
2017-01-01,-1.0,-1.1111111111111112,-0.25,1.2231818181818181,0.65,0.31336221518942575,0.27084611324398306,5.745181818181819,0.14468056494189016,3.1955524448572157,-2.0,-1.0555555555555556,-1.3333333333333333,0.21576469403558404,3.011830334094676
2017-02-01,-1.0,-1.1388888888888888,-0.25,1.2174999999999998,0.66,0.3953117776762232,0.34083302637353446,5.648775,0.14057926769070994,3.0686801285419993,-1.0,-1.0555555555555556,-1.3333333333333333,0.3879551473470932,2.9642891661682214
2017-03-01,-1.0,-1.1666666666666667,-0.3333333333333333,1.168695652173913,0.79,0.27821348647145855,0.2402419475750379,5.644695652173914,0.14520970990065257,3.0761579723761865,-1.0,-1.0277777777777777,-1.3333333333333333,0.28528500916916477,2.9481031487182117
2017-04-01,-1.0,-1.1666666666666667,-0.3333333333333333,1.0550000000000002,0.9,0.29131312662959835,0.24023408151067235,5.501250000000001,0.1603519135395592,3.2127938812025505,-2.0,-1.0277777777777777,-1.4166666666666667,0.3202375896654625,3.1280130494734513
2017-05-01,-1.0,-1.1944444444444444,-0.4166666666666667,0.998695652173913,0.91,0.28287861847232737,0.2673498500351745,5.6113478260869565,0.1315599870920438,3.03915255779834,-1.0,-1.0277777777777777,-1.4166666666666667,0.29723385237819516,2.8918621378008496
2017-06-01,-1.0,-1.2222222222222223,-0.5,0.8445454545454546,1.04,0.28793554687350836,0.2920174559529102,5.547272727272728,0.12730460557023707,3.084590953851712,-1.0,-1.0,-1.4166666666666667,0.5150747067015927,2.8483179065853546
2017-07-01,-1.0,-1.25,-0.5833333333333334,0.9452380952380953,1.15,0.25631940402965764,0.2567865058186205,5.618261904761904,0.12533904098791687,3.202544052743395,-1.0,-1.0,-1.3333333333333333,0.3780752213120344,2.780382019999219
2017-08-01,-1.0,-1.2777777777777777,-0.6666666666666666,0.8739130434782609,1.16,0.2599516681705848,0.25809239861132033,5.491260869565217,0.14519393609272382,3.197608677950018,-2.0,-1.0277777777777777,-1.4166666666666667,0.3161722107004603,2.827887849889296
2017-09-01,-2.0,-1.3055555555555556,-0.8333333333333334,0.8152380952380953,1.15,0.2988874573531593,0.29135427243307666,5.539690476190477,0.12870214811062508,3.4980995145165443,-1.0,-1.0277777777777777,-1.4166666666666667,0.4356988336193921,2.8721188570510283
2017-10-01,-1.0,-1.3333333333333333,-0.9166666666666666,0.8118181818181818,1.15,0.37921709340479853,0.3656030709108265,5.646022727272728,0.12242328549621435,3.14494169219448,-1.0,-1.0277777777777777,-1.3333333333333333,0.46932253178187916,2.704305044165491
2017-11-01,-1.0,-1.3055555555555556,-1.0,0.6531818181818182,1.16,0.36747444933475015,0.37903523644620263,5.640545454545454,0.12704624779394344,3.154383986676861,-2.0,-1.0277777777777777,-1.4166666666666667,0.4292615374450308,2.837601100425288
2017-12-01,-2.0,-1.3055555555555556,-1.1666666666666667,0.5580952380952381,1.3,0.3524717448679468,0.36086309763956254,5.645714285714286,0.12288005689623363,3.4112187540578107,-1.0,-1.0277777777777777,-1.3333333333333333,0.3514380218180199,2.8887956026925528
2018-01-01,-2.0,-1.2777777777777777,-1.25,0.5495652173913044,1.41,0.41829858719535884,0.4090431169448901,5.5480217391304345,0.1317282428818983,3.437909762511638,-3.0,-1.1111111111111112,-1.4166666666666667,0.3842673423807427,2.6657426829228847
2018-02-01,-1.0,-1.2222222222222223,-1.25,0.6809999999999999,1.42,0.264880870971198,0.2672386805273993,5.3925,0.2653827478164561,3.1511874089219267,-3.0,-1.1944444444444444,-1.5833333333333333,0.2847066054527429,2.763708571228174
2018-03-01,-1.0,-1.1944444444444444,-1.25,0.5622727272727274,1.51,0.21653054858638218,0.20613614652512072,5.304090909090909,0.23328641748055035,3.0970149659764625,-3.0,-1.25,-1.75,0.2283017658389853,2.6735554889808957
2018-04-01,-1.0,-1.1666666666666667,-1.25,0.4847619047619047,1.69,0.20501105635344394,0.19931881845440766,5.380452380952382,0.2238135497496314,3.289113630155948,-3.0,-1.3055555555555556,-1.8333333333333333,0.3192080619224435,2.69884412320969
2018-05-01,-2.0,-1.1666666666666667,-1.3333333333333333,0.4652173913043478,1.7,0.2232632734753753,0.17316939929216238,5.484804347826087,0.17152591380155974,2.8596174554892824,-3.0,-1.3888888888888888,-2.0,0.2519452613450566,2.6639251543830533
2018-06-01,-1.0,-1.1388888888888888,-1.3333333333333333,0.379047619047619,1.82,0.22394817482080484,0.16527144881645975,5.506047619047619,0.16651981316123043,3.100394450401196,-4.0,-1.5,-2.25,0.22494974059298836,2.872886942346651
2018-07-01,-2.0,-1.1388888888888888,-1.4166666666666667,0.28318181818181815,1.91,0.25330829577583514,0.1766817240862195,5.573113636363636,0.16355170565976432,2.8325737924946304,-3.0,-1.5555555555555556,-2.4166666666666665,0.2582209025592412,2.717015107665151
2018-08-01,-2.0,-1.1388888888888888,-1.5,0.2534782608695652,1.91,0.30607119770901353,0.19685427258445873,5.551239130434783,0.15271285256749795,3.3755147549987368,-4.0,-1.6388888888888888,-2.5833333333333335,0.3093102189528883,2.8274087539042485
2018-09-01,-1.0,-1.0555555555555556,-1.4166666666666667,0.23650000000000002,1.95,0.2770486237989913,0.16403585513910235,5.601925,0.1576611392386143,2.9285987064282724,-3.0,-1.7222222222222223,-2.75,0.35036386731262387,2.5583640337370546
2018-10-01,-2.0,-1.0277777777777777,-1.5,0.29304347826086957,2.19,0.10915534793867489,-0.007102091170212728,5.639130434782608,0.22941104627759756,2.850381275261276,-3.0,-1.8055555555555556,-2.9166666666666665,0.03347954972041264,2.4266699613732237
2018-11-01,-1.0,-0.9722222222222222,-1.5,0.25727272727272726,2.2,0.09257430708340862,-0.025069817772858032,5.667568181818182,0.23617233722152656,2.36864080428465,-3.0,-1.8611111111111112,-3.0,0.010907791152223878,2.1277643295433477
2018-12-01,-1.0,-0.9166666666666666,-1.4166666666666667,0.15571428571428572,2.27,-0.11135547894720675,-0.20601862950768624,5.607380952380952,0.29739301040823213,2.0689232376692623,-3.0,-1.9444444444444444,-3.1666666666666665,-0.20552329357208063,1.9179287402746874
2019-01-01,-4.0,-1.0277777777777777,-1.5833333333333333,0.17173913043478262,2.4,-0.07114867012845953,-0.16288409080929894,5.449065217391305,0.24903383984795496,1.7256527083637676,-5.0,-2.0277777777777777,-3.3333333333333335,-0.16434029626477956,1.7250036253816425
2019-02-01,-4.0,-1.1111111111111112,-1.8333333333333333,0.17099999999999999,2.4,0.06753179117147697,-0.015835028856847677,5.522475,0.18792477084137577,1.8808889249638445,-4.0,-2.111111111111111,-3.4166666666666665,-0.0121294096291532,1.626163935771569
2019-03-01,-4.0,-1.2222222222222223,-2.0833333333333335,0.16142857142857142,2.41,0.1524156034960223,0.05175183838949068,5.556119047619047,0.1772541114873532,1.5047546829341598,-4.0,-2.1944444444444446,-3.5,0.04901214737169499,1.4840271174811266
2019-04-01,-5.0,-1.3333333333333333,-2.4166666666666665,0.18772727272727271,2.42,0.21805931855346103,0.09364991421081513,5.5838636363636365,0.15887927044020747,1.075902243236209,-5.0,-2.3055555555555554,-3.6666666666666665,0.01800789938214274,1.3095167027037675
2019-05-01,-5.0,-1.4722222222222223,-2.6666666666666665,0.1865217391304348,2.39,0.056907015331000455,-0.024831017899333913,5.498239130434782,0.20225356493173882,1.0036184812770998,-5.0,-2.4166666666666665,-3.8333333333333335,-0.09698070685579557,1.1400216706478885
2019-06-01,-5.0,-1.6111111111111112,-3.0,0.26,2.38,0.18667505774824808,0.10918609067552636,5.4028,0.1937295857881979,0.7581215269242733,-5.0,-2.5277777777777777,-3.9166666666666665,-0.03881950452691834,0.7694153376653998
2019-07-01,-4.0,-1.7222222222222223,-3.1666666666666665,0.22260869565217392,2.4,0.1432002111698362,0.05976163494079085,5.411782608695653,0.1607523077125628,0.4686079781558935,-4.0,-2.5833333333333335,-4.0,-0.03932081954464021,0.647182464841085
2019-08-01,-4.0,-1.8333333333333333,-3.3333333333333335,0.055,2.13,0.05831389079494226,-8.780168564375783e-05,5.310636363636363,0.22789937869072652,0.05799557467632965,-4.0,-2.6666666666666665,-4.0,-0.13699385102008785,0.6020876433017739
2019-09-01,-4.0,-1.9444444444444444,-3.5833333333333335,0.04904761904761905,2.04,0.08354606381143576,0.030082308106848744,5.3748571428571426,0.19428847061524385,0.46799881456596587,-4.0,-2.75,-4.083333333333333,-0.15042686491374183,0.6995725059781268
2019-10-01,-4.0,-2.0555555555555554,-3.75,0.15565217391304348,1.83,0.24768138372246598,0.21213748745203256,5.407826086956521,0.19013391603398805,0.9964526797915733,-4.0,-2.8055555555555554,-4.166666666666667,0.1140189139593651,1.096668005522671
2019-11-01,-5.0,-2.1944444444444446,-4.083333333333333,0.19952380952380955,1.55,0.278205415199415,0.24433377281897659,5.445,0.15311921948680757,1.4748740329074759,-5.0,-2.9166666666666665,-4.333333333333333,0.10703091665045165,1.4231131560851737
2019-12-01,-4.0,-2.3055555555555554,-4.333333333333333,0.2509090909090909,1.55,0.5163443801094506,0.4545787096827591,5.4549318181818185,0.1651293378565783,1.6660098453525314,-5.0,-3.0,-4.5,0.3490791702980412,1.434975320861453
2020-01-01,0.0,-2.2777777777777777,-4.0,0.2434782608695652,1.55,0.3744876204516741,0.3071172225215859,5.463565217391305,0.17084237644165692,1.652190118453341,-2.0,-3.0,-4.25,0.24721062451443462,1.65191381711553
2020-02-01,-1.0,-2.2777777777777777,-3.75,0.1715,1.58,0.1349435185460063,0.0652694251981419,5.5014,0.22892126497830295,2.3686612053409855,-1.0,-3.0,-4.0,-0.004511042652071362,2.042055808481572
2020-03-01,-1.0,-2.2777777777777777,-3.5,0.42181818181818187,0.65,-0.08434915137231808,-0.18107875868588674,5.383909090909091,0.6992490944440154,2.1037630701018735,-1.0,-3.0,-3.75,-0.17631901886624127,2.238076906722712
2020-04-01,-2.0,-2.3055555555555554,-3.25,0.4359090909090909,0.05,0.08178554716983177,-0.03985029172628026,5.388931818181818,0.5143086277336699,2.487293304465202,-1.0,-2.9722222222222223,-3.4166666666666665,-0.13629742075605394,2.5819233048540946
2020-05-01,-1.0,-2.3055555555555554,-2.9166666666666665,0.5038095238095238,0.05,0.2952769754049967,0.16561558325684633,5.360547619047619,0.37654692736753703,3.127606391770741,-1.0,-2.9722222222222223,-3.0833333333333335,0.16636225728698886,2.7923905772352873
2020-06-01,-2.0,-2.3333333333333335,-2.6666666666666665,0.5436363636363637,0.08,0.19677234171757466,0.08646827742534523,5.379545454545454,0.3815894952133915,2.8760380653345323,-2.0,-3.0,-2.8333333333333335,0.1388788722356255,2.869968997714046
2020-07-01,-2.0,-2.361111111111111,-2.5,0.4773913043478261,0.09,0.2712264504414317,0.16260323787789607,5.335565217391305,0.3311477559190095,4.708881266327202,-1.0,-3.0,-2.5833333333333335,0.07149186828438936,3.4382764888602635
2020-08-01,0.0,-2.3333333333333335,-2.1666666666666665,0.5104761904761905,0.1,0.43677212213201017,0.3293218317705278,5.301571428571428,0.2783085363190082,4.33427656740742,-1.0,-2.9722222222222223,-2.3333333333333335,0.2716229280190374,3.643768274221549
2020-09-01,-1.0,-2.3055555555555554,-1.9166666666666667,0.545,0.09,0.3312701063437306,0.22438000122973034,5.279772727272728,0.33914180272625344,4.388379988744482,-2.0,-3.0,-2.1666666666666665,0.17722122558118894,3.479336053648771
2020-10-01,0.0,-2.2777777777777777,-1.5833333333333333,0.635,0.09,0.24361633641484923,0.12132282346045335,5.259613636363636,0.3552204740116957,3.8756793324220404,-1.0,-3.0,-1.9166666666666667,0.06469132363849242,3.595093308130012
2020-11-01,-1.0,-2.2777777777777777,-1.25,0.7085714285714286,0.09,0.3820066546511962,0.30820480183900617,5.220047619047619,0.311720761514683,4.302393862890538,-1.0,-2.9722222222222223,-1.5833333333333333,0.3135618139200468,3.4157326291112895
2020-12-01,-1.0,-2.25,-1.0,0.7982608695652174,0.09,0.3947862319168716,0.3278539976276052,5.187434782608696,0.26972399926874757,4.170071319381678,-2.0,-3.0,-1.3333333333333333,0.3524541987933889,3.240336481297129
2021-01-01,0.0,-2.1944444444444446,-1.0,0.9433333333333332,0.09,0.376573940474084,0.3201272956153645,5.185595238095238,0.29431208046437457,3.9446446077752007,-2.0,-2.9722222222222223,-1.3333333333333333,0.40272590024615035,3.7562585250709537
2021-02-01,-2.0,-2.2222222222222223,-1.0833333333333333,1.144,0.08,0.6097611199947967,0.554903214679651,5.267725,0.28366790627793326,4.277371756614036,0.0,-2.888888888888889,-1.25,0.6925042263012401,3.416126602991777
2021-03-01,-1.0,-2.2222222222222223,-1.0833333333333333,1.463913043478261,0.07,0.8702277843326173,0.8366429563078102,5.435499999999999,0.2706178567420487,3.760700809084539,0.0,-2.8055555555555554,-1.1666666666666667,0.8943335073923069,3.3915447320417917
2021-04-01,-1.0,-2.2222222222222223,-1.0,1.471818181818182,0.07,0.7284827947702994,0.7168047207731382,5.451068181818182,0.212320929537508,4.046951157433257,-1.0,-2.75,-1.1666666666666667,0.7402197168371111,3.1370360072093155
2021-05-01,-2.0,-2.2222222222222223,-1.0833333333333333,1.4657142857142857,0.06,0.6479484767546673,0.6538960319429438,5.456761904761905,0.2387114168346154,4.419294508521814,-1.0,-2.6944444444444446,-1.1666666666666667,0.5807897269601381,3.418014815685917
2021-06-01,-2.0,-2.25,-1.0833333333333333,1.3163636363636364,0.08,0.6495996598387815,0.6245946561224898,5.506818181818182,0.20723622171682987,4.299516484264889,0.0,-2.5833333333333335,-1.0,0.5406586444359945,3.2535845924985325
2021-07-01,-2.0,-2.25,-1.0833333333333333,1.1013636363636363,0.1,0.5946437164252708,0.5738839934904892,5.511272727272727,0.2132389255725279,3.925919234949449,0.0,-2.5,-0.9166666666666666,0.48571621090942063,3.2727906234224706
2021-08-01,-1.0,-2.2222222222222223,-1.1666666666666667,1.0659090909090911,0.09,0.5142453335443639,0.4921721958035479,5.49125,0.2158444928151721,3.827190382260607,-1.0,-2.4166666666666665,-0.9166666666666666,0.4135613404327331,3.330842972745537
2021-09-01,-1.0,-2.2222222222222223,-1.1666666666666667,1.135,0.08,0.49437027408333173,0.47651869443498446,5.507727272727273,0.23352278892253447,3.5321172419512896,0.0,-2.3333333333333335,-0.75,0.5014855068530087,3.270357850151646
2021-10-01,-1.0,-2.1944444444444446,-1.25,1.1923809523809523,0.08,0.677804426055378,0.6433518521915453,5.657500000000001,0.2251150247105049,3.9785959058349625,0.0,-2.25,-0.6666666666666666,0.4828931784683837,3.0924459990744837
2021-11-01,-1.0,-2.1944444444444446,-1.25,1.049090909090909,0.08,0.45809921490919864,0.3616246617271344,5.701954545454545,0.22413394633903483,3.8883277377525305,0.0,-2.1666666666666665,-0.5833333333333334,0.13236533950622506,3.186263891746261
2021-12-01,-2.0,-2.2222222222222223,-1.3333333333333333,0.785217391304348,0.08,0.47106006147540874,0.3636715480293707,5.695956521739131,0.2600387969585214,4.157756706683763,-1.0,-2.111111111111111,-0.5,0.12788154813467345,3.060592682998383
2022-01-01,-2.0,-2.1666666666666665,-1.5,0.7847619047619048,0.08,0.3867888566626719,0.27623492034947184,5.742380952380953,0.27751382916413203,3.9665788338356873,-3.0,-2.0555555555555554,-0.5833333333333334,-0.012498461157899357,3.281831169974024
2022-02-01,-1.0,-2.0833333333333335,-1.4166666666666667,0.493,0.08,0.2690251394288132,0.1717291447857131,5.76065,0.32225177342590344,3.776262239707861,-3.0,-2.0277777777777777,-0.8333333333333334,-0.14682828495925723,3.212898300387702
2022-03-01,-2.0,-2.0277777777777777,-1.5,0.21826086956521737,0.2,0.2594681124675387,0.16388869272474563,5.934282608695652,0.33649512745232796,4.477451012720393,-3.0,-2.0,-1.0833333333333333,-0.07040513994907845,3.1718363369933757
2022-04-01,-2.0,-1.9444444444444444,-1.5833333333333333,0.21666666666666665,0.33,-0.016035968977230104,-0.09223628682297187,6.3205,0.2869005776862134,3.667748780526991,-3.0,-1.9444444444444444,-1.25,-0.11645843370532323,3.235307538272406
2022-05-01,-2.0,-1.8611111111111112,-1.5833333333333333,0.2831818181818182,0.77,-0.01990545124290691,-0.12034169867052312,6.438704545454545,0.36177287449414447,4.170854208390376,-4.0,-1.9166666666666667,-1.5,-0.08762598511913915,2.4343089787589336
2022-06-01,-2.0,-1.7777777777777777,-1.5833333333333333,0.1431818181818182,1.21,-0.2221484132779726,-0.31135817142479455,6.706840909090909,0.34464427973163025,3.8479253526300137,-3.0,-1.8611111111111112,-1.75,-0.14827410589924714,3.1442450912977717
2022-07-01,-1.0,-1.6944444444444444,-1.5,-0.13333333333333333,1.68,-0.08966446096475889,-0.19214779742449917,6.831857142857142,0.31092029548495775,3.549595120740411,-3.0,-1.8333333333333333,-2.0,0.057259960031154945,3.1827771266075433
2022-08-01,0.0,-1.5833333333333333,-1.4166666666666667,-0.3521739130434782,2.33,-0.21987323012687057,-0.3146128360923288,6.767608695652174,0.2706599215670329,3.240932084574808,-4.0,-1.8333333333333333,-2.25,0.021903723369691565,2.979472902861747
2022-09-01,-2.0,-1.5277777777777777,-1.5,-0.33,2.56,-0.309862546091199,-0.41713205000552617,7.160340909090909,0.331968239545887,3.7131155079672027,-3.0,-1.8055555555555556,-2.5,-0.2185740547246292,3.1170005276375314
2022-10-01,-2.0,-1.4722222222222223,-1.5833333333333333,-0.3904761904761904,3.08,-0.28480301534747704,-0.38510302751053854,7.35647619047619,0.3702468676641622,4.051866772606694,-3.0,-1.7777777777777777,-2.75,-0.057454939226978606,3.2206767397005436
2022-11-01,-1.0,-1.3611111111111112,-1.5833333333333333,-0.6145454545454545,3.78,-0.16515735778085477,-0.21267048677086844,7.102409090909092,0.2891247615871945,3.9856619782761133,-2.0,-1.6944444444444444,-2.9166666666666665,0.0396473536727734,3.177072917330828
2022-12-01,-1.0,-1.2777777777777777,-1.5,-0.6636363636363636,4.1,-0.35730695538962004,-0.3706975699877904,6.744136363636364,0.2668015163235605,3.6550966077195772,-2.0,-1.6111111111111112,-3.0,-0.1545216950220016,3.150350547571371
2023-01-01,-4.0,-1.3888888888888888,-1.6666666666666667,-0.6718181818181818,4.33,-0.13724976448041157,-0.13397138701385636,6.518295454545455,0.2509866999222223,4.289458969681234,-2.0,-1.6111111111111112,-2.9166666666666665,0.05730448140313493,3.3097530884461723
2023-02-01,-4.0,-1.4722222222222223,-1.9166666666666667,-0.7835,4.57,-0.128019796548561,-0.13306416493102785,6.65545,0.24654733693634379,3.5401442799212184,-2.0,-1.6388888888888888,-2.8333333333333335,0.10075177834185223,2.980541391662444
2023-03-01,-3.0,-1.5277777777777777,-2.0,-0.6395652173913043,4.65,-0.13095879774578778,-0.12973266700352915,6.682695652173913,0.2642294068652683,3.868614280446729,-2.0,-1.6666666666666667,-2.75,0.04916762008505502,3.4096333690717273
2023-04-01,-3.0,-1.5555555555555556,-2.0833333333333335,-0.5559999999999999,4.83,0.07812297696743462,0.075602980615886,6.673575,0.22223968324865867,4.049153152602409,-2.0,-1.6944444444444444,-2.6666666666666665,0.1776540682818322,3.4366495677942437
2023-05-01,-3.0,-1.6111111111111112,-2.1666666666666665,-0.5673913043478261,5.06,0.07635309988938317,0.05174777914426163,6.861652173913044,0.21387370757169097,3.9628557210862603,-2.0,-1.7222222222222223,-2.5,0.2691413804887884,3.4089959533914636
2023-06-01,-3.0,-1.6388888888888888,-2.25,-0.8936363636363637,5.08,0.3553122145334,0.33011390678982017,7.0715,0.17422134605450965,4.500455096835168,-2.0,-1.7222222222222223,-2.4166666666666665,0.4678582552429702,3.52462687890782
2023-07-01,-3.0,-1.6666666666666667,-2.4166666666666665,-0.9361904761904762,5.12,0.2405373014068056,0.2424075228689669,7.050690476190477,0.17140898642115526,4.144604993935839,-3.0,-1.7777777777777777,-2.4166666666666665,0.36319646915150033,3.3754283827147735
2023-08-01,-3.0,-1.75,-2.6666666666666665,-0.7339130434782608,5.33,0.28487663278626035,0.27458625044504265,7.24391304347826,0.1938618233961556,4.072981548161324,-1.0,-1.7777777777777777,-2.1666666666666665,0.3137767818745411,3.4144410519050266
2023-09-01,-4.0,-1.8333333333333333,-2.8333333333333335,-0.6442857142857142,5.33,0.367766103219706,0.3696527812196699,7.394023809523809,0.18313378870425223,4.432217721768372,-1.0,-1.75,-2.0,0.4161867693686476,3.5070095161980572
2023-10-01,-2.0,-1.8888888888888888,-2.8333333333333335,-0.27090909090909093,5.33,0.1684152545144376,0.17321575578999507,7.479363636363636,0.23122505132954563,3.8028134208375843,-2.0,-1.7777777777777777,-1.9166666666666667,0.2333118766043758,3.6592530533385887
2023-11-01,-3.0,-1.9444444444444444,-3.0,-0.3836363636363636,5.33,0.226399481377107,0.211799387263935,7.490022727272727,0.17398497723369077,4.641684430312159,-1.0,-1.7777777777777777,-1.8333333333333333,0.3626778097449515,3.3079668773797297
2023-12-01,-3.0,-2.0,-3.1666666666666665,-0.43380952380952376,5.33,0.4256067094616964,0.3877310270344371,7.189619047619048,0.1561252829592347,4.700486864305752,-2.0,-1.7777777777777777,-1.8333333333333333,0.4931867106278833,3.5598068531097207
2024-01-01,-2.0,-2.0555555555555554,-3.0,-0.2647826086956522,5.33,0.3394234111893155,0.27914660445676975,7.302369565217391,0.16427515607309687,4.169936302796332,-2.0,-1.7777777777777777,-1.8333333333333333,0.5524418219894374,3.3168941045137177
2024-02-01,-4.0,-2.111111111111111,-3.0,-0.3357142857142857,5.33,0.49402131950467815,0.4120846884064964,7.48147619047619,0.17028603218702923,4.5022579542584795,-1.0,-1.8055555555555556,-1.75,0.6963792513680757,3.418441539882099
2024-03-01,-4.0,-2.1944444444444446,-3.0833333333333335,-0.38,5.33,0.4903782147428433,0.41858658726449377,7.490619047619047,0.1676542867926441,4.341250690698684,-1.0,-1.8333333333333333,-1.6666666666666667,0.7080130216899446,3.50203103309978
2024-04-01,-3.0,-2.25,-3.0833333333333335,-0.33409090909090905,5.33,0.3800033582681157,0.31200680980889656,7.697295454545454,0.196654530328954,4.2156290708331445,-2.0,-1.8611111111111112,-1.6666666666666667,0.56561641117307,3.6373931176300514
2024-05-01,-3.0,-2.2777777777777777,-3.0833333333333335,-0.3752173913043478,5.33,0.4599937627258437,0.4095443159505865,7.79054347826087,0.16120449455233637,4.001807096845096,-2.0,-1.8888888888888888,-1.6666666666666667,0.4464106564564925,3.53487268060395
2024-06-01,-3.0,-2.3055555555555554,-3.0833333333333335,-0.4335,5.33,0.4115330801023053,0.33967719622724774,7.896325,0.15584713575708614,4.098481240835987,-2.0,-1.9444444444444444,-1.6666666666666667,0.36719711661288484,3.8245795374142735
2024-07-01,-3.0,-2.3333333333333335,-3.0833333333333335,-0.25173913043478263,5.33,0.37214286542662917,0.3065525980092398,7.88095652173913,0.17352394785867978,4.381797567102455,-3.0,-2.0277777777777777,-1.6666666666666667,0.34788448925788334,3.4004835977313954
2024-08-01,-2.0,-2.361111111111111,-3.0,-0.09454545454545454,5.33,0.44909785533862423,0.40207052937619786,7.3068409090909086,0.23208258179981603,3.8189550333091082,-3.0,-2.0833333333333335,-1.8333333333333333,0.3864554243197797,3.3586629791518754
2024-09-01,-3.0,-2.4166666666666665,-2.9166666666666665,0.09428571428571428,5.13,0.5883082909826857,0.5259178533735366,7.1579523809523815,0.2155267177654938,4.3290176445385935,-1.0,-2.111111111111111,-1.8333333333333333,0.40196236516855427,3.362715211070314
2024-10-01,-2.0,-2.4444444444444446,-2.9166666666666665,0.12130434782608696,4.83,0.6117555673919474,0.5449057691200623,7.4958913043478255,0.24068416163303497,4.087320688606453,-2.0,-2.1666666666666665,-1.8333333333333333,0.5160018911620816,3.585620526317462
2024-11-01,,,,0.09619047619047619,,0.5605069126105976,0.4644220553989656,7.688925,0.19806044851589172,,,,,0.31644029999205087,
