Date,interest_rates_USA,interest_rates_Japan,percent_infl_USA,percent_infl_Japan,M2 in Billions of Dollar,M2 in 100 Billions of Yen
1960-01-01,3.99,7.3,1.45797598627791,3.5745115253591,298.2,83.774
1960-02-01,3.97,7.3,1.45797598627791,3.5745115253591,298.4,84.881
1960-03-01,3.84,7.3,1.45797598627791,3.5745115253591,299.3,86.268
1960-04-01,3.92,7.3,1.45797598627791,3.5745115253591,300.1,87.326
1960-05-01,3.85,7.3,1.45797598627791,3.5745115253591,300.9,88.863
1960-06-01,3.32,7.3,1.45797598627791,3.5745115253591,302.3,90.16
1960-07-01,3.23,7.3,1.45797598627791,3.5745115253591,304.1,91.543
1960-08-01,2.98,6.94,1.07072414764724,5.36846178480055,306.9,93.219
1960-09-01,2.6,6.94,1.07072414764724,5.36846178480055,308.4,94.878
1960-10-01,2.47,6.94,1.07072414764724,5.36846178480055,309.5,96.52
1960-11-01,2.44,6.94,1.07072414764724,5.36846178480055,310.9,98.279
1960-12-01,1.98,6.94,1.07072414764724,5.36846178480055,312.4,99.794
1961-01-01,1.45,6.57,1.07072414764724,5.36846178480055,314.1,101.717
1961-02-01,2.54,6.57,1.07072414764724,5.36846178480055,316.5,104.008
1961-03-01,2.02,6.57,1.07072414764724,5.36846178480055,318.3,105.85
1961-04-01,1.49,6.57,1.07072414764724,5.36846178480055,319.9,107.87
1961-05-01,1.98,6.57,1.07072414764724,5.36846178480055,322.2,109.399
1961-06-01,1.73,6.57,1.07072414764724,5.36846178480055,324.3,111.367
1961-07-01,1.17,6.94,1.07072414764724,5.36846178480055,325.6,112.692
1961-08-01,2.0,6.94,1.19877334820186,6.8354403481973,327.6,114.166
1961-09-01,1.88,7.3,1.19877334820186,6.8354403481973,329.5,115.455
1961-10-01,2.26,7.3,1.19877334820186,6.8354403481973,331.1,116.86
1961-11-01,2.61,7.3,1.19877334820186,6.8354403481973,333.4,118.39
1961-12-01,2.33,7.3,1.19877334820186,6.8354403481973,335.5,119.176
1962-01-01,2.15,7.3,1.19877334820186,6.8354403481973,337.5,121.49
1962-02-01,2.37,7.3,1.19877334820186,6.8354403481973,340.1,122.834
1962-03-01,2.85,7.3,1.19877334820186,6.8354403481973,343.1,123.664
1962-04-01,2.78,7.3,1.19877334820186,6.8354403481973,345.5,126.287
1962-05-01,2.36,7.3,1.19877334820186,6.8354403481973,347.5,128.512
1962-06-01,2.68,7.3,1.19877334820186,6.8354403481973,349.3,129.826
1962-07-01,2.71,7.3,1.19877334820186,6.8354403481973,350.8,132.103
1962-08-01,2.93,7.3,1.23966942148753,6.7069055639799,352.8,134.276
1962-09-01,2.9,7.3,1.23966942148753,6.7069055639799,354.9,136.471
1962-10-01,2.9,6.94,1.23966942148753,6.7069055639799,357.2,139.212
1962-11-01,2.94,6.57,1.23966942148753,6.7069055639799,359.8,141.884
1962-12-01,2.93,6.57,1.23966942148753,6.7069055639799,362.7,144.53
1963-01-01,2.92,6.57,1.23966942148753,6.7069055639799,365.2,147.21
1963-02-01,3.0,6.57,1.23966942148753,6.7069055639799,367.9,150.001
1963-03-01,2.98,6.21,1.23966942148753,6.7069055639799,370.7,152.985
1963-04-01,2.9,5.84,1.23966942148753,6.7069055639799,373.3,155.771
1963-05-01,3.0,5.84,1.23966942148753,6.7069055639799,376.1,158.886
1963-06-01,2.99,5.84,1.23966942148753,6.7069055639799,378.4,162.008
1963-07-01,3.02,5.84,1.23966942148753,6.7069055639799,381.1,165.097
1963-08-01,3.49,5.84,1.27891156462591,3.80038945305753,383.6,167.215
1963-09-01,3.48,5.84,1.27891156462591,3.80038945305753,386.0,171.18
1963-10-01,3.5,5.84,1.27891156462591,3.80038945305753,388.3,173.729
1963-11-01,3.48,5.84,1.27891156462591,3.80038945305753,391.5,176.128
1963-12-01,3.38,5.84,1.27891156462591,3.80038945305753,393.2,179.298
1964-01-01,3.48,5.84,1.27891156462591,3.80038945305753,395.2,181.432
1964-02-01,3.48,5.84,1.27891156462591,3.80038945305753,397.6,183.177
1964-03-01,3.43,6.57,1.27891156462591,3.80038945305753,399.8,186.262
1964-04-01,3.47,6.57,1.27891156462591,3.80038945305753,401.7,188.483
1964-05-01,3.5,6.57,1.27891156462591,3.80038945305753,404.2,190.655
1964-06-01,3.5,6.57,1.27891156462591,3.80038945305753,407.1,192.846
1964-07-01,3.42,6.57,1.27891156462591,3.80038945305753,410.1,195.186
1964-08-01,3.5,6.57,1.58516926383662,6.65599094260621,413.4,197.354
1964-09-01,3.45,6.57,1.58516926383662,6.65599094260621,416.9,199.832
1964-10-01,3.36,6.57,1.58516926383662,6.65599094260621,419.1,202.011
1964-11-01,3.52,6.57,1.58516926383662,6.65599094260621,422.0,204.428
1964-12-01,3.85,6.57,1.58516926383662,6.65599094260621,424.7,206.776
1965-01-01,3.9,6.21,1.58516926383662,6.65599094260621,427.5,209.654
1965-02-01,3.98,6.21,1.58516926383662,6.65599094260621,430.4,212.686
1965-03-01,4.05,6.21,1.58516926383662,6.65599094260621,433.2,215.524
1965-04-01,4.09,5.84,1.58516926383662,6.65599094260621,435.4,218.19
1965-05-01,4.1,5.84,1.58516926383662,6.65599094260621,437.1,221.202
1965-06-01,4.05,5.48,1.58516926383662,6.65599094260621,440.1,224.294
1965-07-01,4.09,5.48,1.58516926383662,6.65599094260621,442.9,226.444
1965-08-01,4.12,5.48,3.0150753768844,5.04083205887676,445.8,230.256
1965-09-01,4.02,5.48,3.0150753768844,5.04083205887676,449.5,233.781
1965-10-01,4.08,5.48,3.0150753768844,5.04083205887676,452.6,236.809
1965-11-01,4.1,5.48,3.0150753768844,5.04083205887676,455.7,240.318
1965-12-01,4.32,5.48,3.0150753768844,5.04083205887676,459.2,244.071
1966-01-01,4.42,5.48,3.0150753768844,5.04083205887676,462.0,247.272
1966-02-01,4.6,5.48,3.0150753768844,5.04083205887676,464.6,250.189
1966-03-01,4.66,5.48,3.0150753768844,5.04083205887676,467.2,255.729
1966-04-01,4.67,5.48,3.0150753768844,5.04083205887676,469.3,256.882
1966-05-01,4.9,5.48,3.0150753768844,5.04083205887676,470.1,260.673
1966-06-01,5.17,5.48,3.0150753768844,5.04083205887676,471.2,263.82
1966-07-01,5.3,5.48,3.0150753768844,5.04083205887676,470.9,266.956
1966-08-01,5.53,5.48,2.77278562259309,3.98984808881518,472.6,271.017
1966-09-01,5.4,5.48,2.77278562259309,3.98984808881518,475.4,274.945
1966-10-01,5.53,5.48,2.77278562259309,3.98984808881518,475.7,277.259
1966-11-01,5.76,5.48,2.77278562259309,3.98984808881518,477.3,280.457
1966-12-01,5.4,5.48,2.77278562259309,3.98984808881518,480.2,283.713
1967-01-01,4.94,5.48,2.77278562259309,3.98984808881518,481.6,278.44
1967-02-01,5.0,5.48,2.77278562259309,3.98984808881518,485.1,282.119
1967-03-01,4.53,5.48,2.77278562259309,3.98984808881518,489.7,287.299
1967-04-01,4.05,5.48,2.77278562259309,3.98984808881518,492.1,289.525
1967-05-01,3.94,5.48,2.77278562259309,3.98984808881518,497.2,289.753
1967-06-01,3.98,5.48,2.77278562259309,3.98984808881518,502.0,294.303
1967-07-01,3.79,5.48,2.77278562259309,3.98984808881518,506.3,298.437
1967-08-01,3.9,5.48,4.27179615288537,5.33943295739344,510.8,302.19
1967-09-01,3.99,5.84,4.27179615288537,5.33943295739344,514.7,307.816
1967-10-01,3.88,5.84,4.27179615288537,5.33943295739344,518.2,312.036
1967-11-01,4.13,5.84,4.27179615288537,5.33943295739344,521.2,314.905
1967-12-01,4.51,5.84,4.27179615288537,5.33943295739344,524.8,318.538
1968-01-01,4.61,6.21,4.27179615288537,5.33943295739344,527.4,322.221
1968-02-01,4.71,6.21,4.27179615288537,5.33943295739344,530.4,326.692
1968-03-01,5.05,6.21,4.27179615288537,5.33943295739344,533.2,331.338
1968-04-01,5.76,6.21,4.27179615288537,5.33943295739344,535.7,334.066
1968-05-01,6.12,6.21,4.27179615288537,5.33943295739344,538.9,337.895
1968-06-01,6.07,6.21,4.27179615288537,5.33943295739344,542.6,342.493
1968-07-01,6.03,6.21,4.27179615288537,5.33943295739344,545.6,346.038
1968-08-01,6.03,5.84,5.46238620028745,5.24982091102027,549.4,349.274
1968-09-01,5.78,5.84,5.46238620028745,5.24982091102027,553.6,353.717
1968-10-01,5.91,5.84,5.46238620028745,5.24982091102027,557.6,357.723
1968-11-01,5.82,5.84,5.46238620028745,5.24982091102027,562.4,363.234
1968-12-01,6.02,5.84,5.46238620028745,5.24982091102027,566.8,368.34
1969-01-01,6.3,5.84,5.46238620028745,5.24982091102027,569.3,373.439
1969-02-01,6.61,5.84,5.46238620028745,5.24982091102027,571.9,378.055
1969-03-01,6.79,5.84,5.46238620028745,5.24982091102027,574.4,383.605
1969-04-01,7.41,5.84,5.46238620028745,5.24982091102027,575.7,389.224
1969-05-01,8.67,5.84,5.46238620028745,5.24982091102027,576.5,394.1
1969-06-01,8.9,5.84,5.46238620028745,5.24982091102027,578.5,400.001
1969-07-01,8.61,5.84,5.46238620028745,5.24982091102027,579.5,405.739
1969-08-01,9.19,5.84,5.83825533848251,6.92417383485781,580.1,411.974
1969-09-01,9.15,6.25,5.83825533848251,6.92417383485781,582.1,417.878
1969-10-01,9.0,6.25,5.83825533848251,6.92417383485781,583.4,423.954
1969-11-01,8.85,6.25,5.83825533848251,6.92417383485781,585.4,430.532
1969-12-01,8.97,6.25,5.83825533848251,6.92417383485781,587.9,437.362
1970-01-01,8.98,6.25,5.83825533848251,6.92417383485781,589.6,444.051
1970-02-01,8.98,6.25,5.83825533848251,6.92417383485781,586.3,450.175
1970-03-01,7.76,6.25,5.83825533848251,6.92417383485781,587.3,455.796
1970-04-01,8.1,6.25,5.83825533848251,6.92417383485781,588.4,462.105
1970-05-01,7.95,6.25,5.83825533848251,6.92417383485781,591.5,469.006
1970-06-01,7.61,6.25,5.83825533848251,6.92417383485781,595.2,474.341
1970-07-01,7.21,6.25,5.83825533848251,6.92417383485781,599.1,480.519
1970-08-01,6.62,6.25,4.29276668813051,6.39534883720926,604.9,486.563
1970-09-01,6.29,6.25,4.29276668813051,6.39534883720926,611.2,492.077
1970-10-01,6.2,6.0,4.29276668813051,6.39534883720926,616.4,499.551
1970-11-01,5.6,6.0,4.29276668813051,6.39534883720926,621.1,505.318
1970-12-01,4.9,6.0,4.29276668813051,6.39534883720926,626.5,512.292
1971-01-01,4.14,5.75,4.29276668813051,6.39534883720926,632.9,520.118
1971-02-01,3.72,5.75,4.29276668813051,6.39534883720926,641.0,529.029
1971-03-01,3.71,5.75,4.29276668813051,6.39534883720926,649.9,536.846
1971-04-01,4.16,5.75,4.29276668813051,6.39534883720926,658.4,546.31
1971-05-01,4.63,5.5,4.29276668813051,6.39534883720926,666.7,556.974
1971-06-01,4.91,5.5,4.29276668813051,6.39534883720926,673.0,566.511
1971-07-01,5.31,5.25,4.29276668813051,6.39534883720926,679.6,579.691
1971-08-01,5.57,5.25,3.27227824655283,4.84351713859905,685.5,591.582
1971-09-01,5.55,5.25,3.27227824655283,4.84351713859905,692.5,602.721
1971-10-01,5.2,5.25,3.27227824655283,4.84351713859905,698.4,613.683
1971-11-01,4.91,5.25,3.27227824655283,4.84351713859905,704.6,620.726
1971-12-01,4.14,4.75,3.27227824655283,4.84351713859905,710.3,639.916
1972-01-01,3.51,4.75,3.27227824655283,4.84351713859905,717.7,651.675
1972-02-01,3.3,4.75,3.27227824655283,4.84351713859905,725.7,662.966
1972-03-01,3.83,4.75,3.27227824655283,4.84351713859905,733.5,676.544
1972-04-01,4.17,4.75,3.27227824655283,4.84351713859905,738.4,689.097
1972-05-01,4.27,4.75,3.27227824655283,4.84351713859905,743.3,698.908
1972-06-01,4.46,4.25,3.27227824655283,4.84351713859905,749.7,716.204
1972-07-01,4.55,4.25,3.27227824655283,4.84351713859905,759.5,736.054
1972-08-01,4.81,4.25,6.17776006377038,11.6086235489221,768.7,747.613
1972-09-01,4.87,4.25,6.17776006377038,11.6086235489221,778.3,764.662
1972-10-01,5.05,4.25,6.17776006377038,11.6086235489221,786.9,784.554
1972-11-01,5.06,4.25,6.17776006377038,11.6086235489221,793.9,797.54
1972-12-01,5.33,4.25,6.17776006377038,11.6086235489221,802.3,811.068
1973-01-01,5.94,4.25,6.17776006377038,11.6086235489221,810.3,823.03
1973-02-01,6.58,4.25,6.17776006377038,11.6086235489221,814.1,840.186
1973-03-01,7.09,4.25,6.17776006377038,11.6086235489221,815.3,858.033
1973-04-01,7.12,5.0,6.17776006377038,11.6086235489221,819.7,876.7
1973-05-01,7.84,5.5,6.17776006377038,11.6086235489221,826.8,883.371
1973-06-01,8.49,5.5,6.17776006377038,11.6086235489221,833.3,895.601
1973-07-01,10.4,6.0,6.17776006377038,11.6086235489221,836.5,903.337
1973-08-01,10.5,7.0,11.0548048048048,23.2222458076842,838.8,910.99
1973-09-01,10.78,7.0,11.0548048048048,23.2222458076842,839.3,922.086
1973-10-01,10.01,7.0,11.0548048048048,23.2222458076842,842.6,929.442
1973-11-01,10.03,7.0,11.0548048048048,23.2222458076842,848.9,936.591
1973-12-01,9.95,9.0,11.0548048048048,23.2222458076842,855.5,941.983
1974-01-01,9.65,9.0,11.0548048048048,23.2222458076842,859.7,951.003
1974-02-01,8.97,9.0,11.0548048048048,23.2222458076842,864.2,961.891
1974-03-01,9.35,9.0,11.0548048048048,23.2222458076842,870.1,967.38
1974-04-01,10.51,9.0,11.0548048048048,23.2222458076842,872.9,975.755
1974-05-01,11.31,9.0,11.0548048048048,23.2222458076842,874.6,985.918
1974-06-01,11.93,9.0,11.0548048048048,23.2222458076842,877.8,995.174
1974-07-01,12.92,9.0,11.0548048048048,23.2222458076842,881.4,1003.255
1974-08-01,12.01,9.0,9.14314686496535,11.7312661498708,884.1,1012.672
1974-09-01,11.34,9.0,9.14314686496535,11.7312661498708,887.9,1020.26
1974-10-01,10.06,9.0,9.14314686496535,11.7312661498708,893.3,1029.312
1974-11-01,9.45,9.0,9.14314686496535,11.7312661498708,898.6,1042.587
1974-12-01,8.53,9.0,9.14314686496535,11.7312661498708,902.1,1053.338
1975-01-01,7.13,9.0,9.14314686496535,11.7312661498708,906.3,1064.359
1975-02-01,6.24,9.0,9.14314686496535,11.7312661498708,914.1,1075.694
1975-03-01,5.54,9.0,9.14314686496535,11.7312661498708,925.0,1085.582
1975-04-01,5.49,8.5,9.14314686496535,11.7312661498708,935.1,1100.915
1975-05-01,5.22,8.5,9.14314686496535,11.7312661498708,947.9,1109.974
1975-06-01,5.55,8.0,9.14314686496535,11.7312661498708,963.0,1118.154
1975-07-01,6.1,8.0,9.14314686496535,11.7312661498708,975.1,1134.17
1975-08-01,6.14,7.5,5.74481263549085,9.37403638606234,983.1,1148.883
1975-09-01,6.24,7.5,5.74481263549085,9.37403638606234,991.5,1160.931
1975-10-01,5.82,6.5,5.74481263549085,9.37403638606234,997.8,1175.791
1975-11-01,5.22,6.5,5.74481263549085,9.37403638606234,1006.9,1189.076
1975-12-01,5.2,6.5,5.74481263549085,9.37403638606234,1016.2,1206.248
1976-01-01,4.87,6.5,5.74481263549085,9.37403638606234,1026.6,1224.071
1976-02-01,4.77,6.5,5.74481263549085,9.37403638606234,1040.3,1240.288
1976-03-01,4.84,6.5,5.74481263549085,9.37403638606234,1050.0,1255.102
1976-04-01,4.82,6.5,5.74481263549085,9.37403638606234,1060.8,1268.425
1976-05-01,5.29,6.5,5.74481263549085,9.37403638606234,1072.1,1282.988
1976-06-01,5.48,6.5,5.74481263549085,9.37403638606234,1077.6,1298.715
1976-07-01,5.31,6.5,5.74481263549085,9.37403638606234,1086.3,1309.443
1976-08-01,5.29,6.5,6.5016839947284,8.16182689596842,1098.7,1322.274
1976-09-01,5.25,6.5,6.5016839947284,8.16182689596842,1110.8,1334.795
1976-10-01,5.02,6.5,6.5016839947284,8.16182689596842,1125.0,1350.063
1976-11-01,4.95,6.5,6.5016839947284,8.16182689596842,1138.2,1360.055
1976-12-01,4.65,6.5,6.5016839947284,8.16182689596842,1152.0,1373.314
1977-01-01,4.61,6.5,6.5016839947284,8.16182689596842,1165.2,1385.175
1977-02-01,4.68,6.5,6.5016839947284,8.16182689596842,1177.6,1396.103
1977-03-01,4.69,6.0,6.5016839947284,8.16182689596842,1188.5,1407.722
1977-04-01,4.73,5.0,6.5016839947284,8.16182689596842,1199.6,1413.754
1977-05-01,5.35,5.0,6.5016839947284,8.16182689596842,1209.0,1427.09
1977-06-01,5.39,5.0,6.5016839947284,8.16182689596842,1217.8,1440.794
1977-07-01,5.42,5.0,6.5016839947284,8.16182689596842,1226.7,1454.729
1977-08-01,5.9,5.0,7.63096383885606,4.20956601068681,1237.0,1465.744
1977-09-01,6.14,4.25,7.63096383885606,4.20956601068681,1246.2,1484.08
1977-10-01,6.47,4.25,7.63096383885606,4.20956601068681,1254.0,1493.448
1977-11-01,6.51,4.25,7.63096383885606,4.20956601068681,1262.4,1507.352
1977-12-01,6.56,4.25,7.63096383885606,4.20956601068681,1270.3,1520.599
1978-01-01,6.7,4.25,7.63096383885606,4.20956601068681,1279.7,1533.661
1978-02-01,6.78,4.25,7.63096383885606,4.20956601068681,1285.5,1547.244
1978-03-01,6.79,3.5,7.63096383885606,4.20956601068681,1292.2,1563.664
1978-04-01,6.89,3.5,7.63096383885606,4.20956601068681,1300.4,1581.146
1978-05-01,7.36,3.5,7.63096383885606,4.20956601068681,1310.5,1590.86
1978-06-01,7.6,3.5,7.63096383885606,4.20956601068681,1318.5,1613.144
1978-07-01,7.81,3.5,7.63096383885606,4.20956601068681,1324.1,1629.196
1978-08-01,8.04,3.5,11.2544711292795,3.70185092546269,1333.5,1645.349
1978-09-01,8.45,3.5,11.2544711292795,3.70185092546269,1345.0,1661.777
1978-10-01,8.96,3.5,11.2544711292795,3.70185092546269,1352.3,1675.278
1978-11-01,9.76,3.5,11.2544711292795,3.70185092546269,1359.1,1692.47
1978-12-01,10.03,3.5,11.2544711292795,3.70185092546269,1366.0,1706.544
1979-01-01,10.07,3.5,11.2544711292795,3.70185092546269,1371.6,1724.438
1979-02-01,10.06,3.5,11.2544711292795,3.70185092546269,1377.8,1738.715
1979-03-01,10.09,3.5,11.2544711292795,3.70185092546269,1387.8,1754.983
1979-04-01,10.01,4.25,11.2544711292795,3.70185092546269,1402.1,1772.95
1979-05-01,10.24,4.25,11.2544711292795,3.70185092546269,1410.2,1793.863
1979-06-01,10.29,4.25,11.2544711292795,3.70185092546269,1423.0,1804.122
1979-07-01,10.47,5.25,11.2544711292795,3.70185092546269,1434.8,1822.315
1979-08-01,10.94,5.25,13.5492019749684,7.77858176555718,1446.6,1839.32
1979-09-01,11.43,5.25,13.5492019749684,7.77858176555718,1454.1,1851.667
1979-10-01,13.77,5.25,13.5492019749684,7.77858176555718,1460.4,1867.482
1979-11-01,13.18,6.25,13.5492019749684,7.77858176555718,1465.9,1880.271
1979-12-01,13.78,6.25,13.5492019749684,7.77858176555718,1473.7,1894.933
1980-01-01,13.82,6.25,13.5492019749684,7.77858176555718,1482.7,1909.051
1980-02-01,14.13,7.25,13.5492019749684,7.77858176555718,1494.6,1925.684
1980-03-01,17.19,9.0,13.5492019749684,7.77858176555718,1499.8,1939.901
1980-04-01,17.61,9.0,13.5492019749684,7.77858176555718,1502.2,1956.762
1980-05-01,10.98,9.0,13.5492019749684,7.77858176555718,1512.3,1978.653
1980-06-01,9.47,9.0,13.5492019749684,7.77858176555718,1529.2,1977.777
1980-07-01,9.03,9.0,13.5492019749684,7.77858176555718,1545.5,1983.239
1980-08-01,9.61,8.25,10.3347153402771,4.91216291820523,1561.5,1990.906
1980-09-01,10.87,8.25,10.3347153402771,4.91216291820523,1574.0,2000.782
1980-10-01,12.81,8.25,10.3347153402771,4.91216291820523,1584.8,2009.719
1980-11-01,15.85,7.25,10.3347153402771,4.91216291820523,1595.8,2028.017
1980-12-01,18.9,7.25,10.3347153402771,4.91216291820523,1599.8,2042.592
1981-01-01,19.08,7.25,10.3347153402771,4.91216291820523,1606.9,2052.071
1981-02-01,15.93,7.25,10.3347153402771,4.91216291820523,1618.7,2070.277
1981-03-01,14.7,6.25,10.3347153402771,4.91216291820523,1636.6,2086.347
1981-04-01,15.72,6.25,10.3347153402771,4.91216291820523,1659.2,2112.471
1981-05-01,18.52,6.25,10.3347153402771,4.91216291820523,1664.2,2126.524
1981-06-01,19.1,6.25,10.3347153402771,4.91216291820523,1670.3,2144.647
1981-07-01,19.04,6.25,10.3347153402771,4.91216291820523,1681.9,2162.813
1981-08-01,17.82,6.25,6.13142700027493,2.7410409556314,1694.3,2183.325
1981-09-01,15.87,6.25,6.13142700027493,2.7410409556314,1706.0,2202.252
1981-10-01,15.08,6.25,6.13142700027493,2.7410409556314,1721.8,2224.566
1981-11-01,13.31,6.25,6.13142700027493,2.7410409556314,1736.1,2240.478
1981-12-01,12.37,5.5,6.13142700027493,2.7410409556314,1755.5,2255.981
1982-01-01,13.22,5.5,6.13142700027493,2.7410409556314,1770.4,2271.942
1982-02-01,14.78,5.5,6.13142700027493,2.7410409556314,1774.5,2288.123
1982-03-01,14.68,5.5,6.13142700027493,2.7410409556314,1786.5,2301.405
1982-04-01,14.94,5.5,6.13142700027493,2.7410409556314,1803.9,2311.615
1982-05-01,14.45,5.5,6.13142700027493,2.7410409556314,1815.4,2327.587
1982-06-01,14.15,5.5,6.13142700027493,2.7410409556314,1826.0,2336.502
1982-07-01,12.59,5.5,6.13142700027493,2.7410409556314,1831.5,2364.202
1982-08-01,10.12,5.5,3.21243523316065,1.89971971348485,1845.2,2381.329
1982-09-01,10.31,5.5,3.21243523316065,1.89971971348485,1858.4,2394.657
1982-10-01,9.71,5.5,3.21243523316065,1.89971971348485,1869.7,2408.976
1982-11-01,9.2,5.5,3.21243523316065,1.89971971348485,1883.7,2421.128
1982-12-01,8.95,5.5,3.21243523316065,1.89971971348485,1905.9,2432.65
1983-01-01,8.68,5.5,3.21243523316065,1.89971971348485,1959.4,2445.897
1983-02-01,8.51,5.5,3.21243523316065,1.89971971348485,1996.8,2457.16
1983-03-01,8.77,5.5,3.21243523316065,1.89971971348485,2015.2,2471.422
1983-04-01,8.8,5.5,3.21243523316065,1.89971971348485,2028.6,2487.755
1983-05-01,8.63,5.5,3.21243523316065,1.89971971348485,2043.1,2504.274
1983-06-01,8.98,5.5,3.21243523316065,1.89971971348485,2053.5,2519.538
1983-07-01,9.37,5.5,3.21243523316065,1.89971971348485,2064.8,2533.052
1983-08-01,9.56,5.5,4.30053547523429,2.26161369193155,2074.0,2547.938
1983-09-01,9.45,5.5,4.30053547523429,2.26161369193155,2083.2,2565.229
1983-10-01,9.48,5.0,4.30053547523429,2.26161369193155,2099.2,2582.145
1983-11-01,9.34,5.0,4.30053547523429,2.26161369193155,2112.3,2587.423
1983-12-01,9.47,5.0,4.30053547523429,2.26161369193155,2123.5,2615.629
1984-01-01,9.56,5.0,4.30053547523429,2.26161369193155,2138.2,2630.45
1984-02-01,9.59,5.0,4.30053547523429,2.26161369193155,2158.2,2648.16
1984-03-01,9.91,5.0,4.30053547523429,2.26161369193155,2175.2,2674.968
1984-04-01,10.29,5.0,4.30053547523429,2.26161369193155,2191.7,2678.058
1984-05-01,10.32,5.0,4.30053547523429,2.26161369193155,2204.1,2694.832
1984-06-01,11.06,5.0,4.30053547523429,2.26161369193155,2215.1,2711.776
1984-07-01,11.23,5.0,4.30053547523429,2.26161369193155,2223.5,2729.621
1984-08-01,11.64,5.0,3.54564415209365,2.0322773460849,2230.4,2747.128
1984-09-01,11.3,5.0,3.54564415209365,2.0322773460849,2244.4,2769.986
1984-10-01,9.99,5.0,3.54564415209365,2.0322773460849,2258.9,2782.667
1984-11-01,9.43,5.0,3.54564415209365,2.0322773460849,2281.4,2798.383
1984-12-01,8.38,5.0,3.54564415209365,2.0322773460849,2306.4,2818.301
1985-01-01,8.35,5.0,3.54564415209365,2.0322773460849,2332.4,2837.12
1985-02-01,8.5,5.0,3.54564415209365,2.0322773460849,2354.1,2857.134
1985-03-01,8.58,5.0,3.54564415209365,2.0322773460849,2366.2,2882.738
1985-04-01,8.27,5.0,3.54564415209365,2.0322773460849,2375.4,2902.696
1985-05-01,7.97,5.0,3.54564415209365,2.0322773460849,2389.5,2920.305
1985-06-01,7.53,5.0,3.54564415209365,2.0322773460849,2412.6,2938.533
1985-07-01,7.88,5.0,3.54564415209365,2.0322773460849,2429.5,2957.059
1985-08-01,7.9,5.0,1.89804772234276,0.595586799453249,2444.0,2975.17
1985-09-01,7.92,5.0,1.89804772234276,0.595586799453249,2456.4,2997.93
1985-10-01,7.99,5.0,1.89804772234276,0.595586799453249,2468.0,3023.348
1985-11-01,8.05,5.0,1.89804772234276,0.595586799453249,2477.8,3050.767
1985-12-01,8.27,5.0,1.89804772234276,0.595586799453249,2492.1,3080.382
1986-01-01,8.14,4.5,1.89804772234276,0.595586799453249,2502.1,3092.336
1986-02-01,7.86,4.5,1.89804772234276,0.595586799453249,2512.9,3111.836
1986-03-01,7.48,4.0,1.89804772234276,0.595586799453249,2533.1,3138.318
1986-04-01,6.99,3.5,1.89804772234276,0.595586799453249,2557.8,3147.672
1986-05-01,6.85,3.5,1.89804772234276,0.595586799453249,2584.8,3166.789
1986-06-01,6.92,3.5,1.89804772234276,0.595586799453249,2605.0,3193.753
1986-07-01,6.56,3.5,1.89804772234276,0.595586799453249,2626.6,3217.397
1986-08-01,6.17,3.5,3.6645632175169,0.126176841696583,2646.5,3238.7
1986-09-01,5.89,3.5,3.6645632175169,0.126176841696583,2667.8,3264.091
1986-10-01,5.85,3.5,3.6645632175169,0.126176841696583,2687.4,3280.015
1986-11-01,6.04,3.0,3.6645632175169,0.126176841696583,2701.3,3303.397
1986-12-01,6.91,3.0,3.6645632175169,0.126176841696583,2728.0,3334.641
1987-01-01,6.43,3.0,3.6645632175169,0.126176841696583,2743.9,3359.091
1987-02-01,6.1,2.5,3.6645632175169,0.126176841696583,2747.5,3382.353
1987-03-01,6.13,2.5,3.6645632175169,0.126176841696583,2753.7,3418.831
1987-04-01,6.37,2.5,3.6645632175169,0.126176841696583,2767.7,3455.014
1987-05-01,6.85,2.5,3.6645632175169,0.126176841696583,2772.9,3489.382
1987-06-01,6.73,2.5,3.6645632175169,0.126176841696583,2774.6,3519.716
1987-07-01,6.58,2.5,3.6645632175169,0.126176841696583,2779.0,3551.745
1987-08-01,6.73,2.5,4.07774110744413,0.678557580457558,2788.2,3592.358
1987-09-01,7.22,2.5,4.07774110744413,0.678557580457558,2799.5,3627.562
1987-10-01,7.29,2.5,4.07774110744413,0.678557580457558,2814.8,3659.481
1987-11-01,6.69,2.5,4.07774110744413,0.678557580457558,2818.9,3708.964
1987-12-01,6.77,2.5,4.07774110744413,0.678557580457558,2826.4,3721.712
1988-01-01,6.83,2.5,4.07774110744413,0.678557580457558,2847.4,3760.398
1988-02-01,6.58,2.5,4.07774110744413,0.678557580457558,2870.4,3798.603
1988-03-01,6.58,2.5,4.07774110744413,0.678557580457558,2890.7,3822.024
1988-04-01,6.87,2.5,4.07774110744413,0.678557580457558,2910.7,3845.237
1988-05-01,7.09,2.5,4.07774110744413,0.678557580457558,2926.0,3887.759
1988-06-01,7.51,2.5,4.07774110744413,0.678557580457558,2938.4,3916.914
1988-07-01,7.75,2.5,4.07774110744413,0.678557580457558,2947.2,3947.911
1988-08-01,8.01,2.5,4.82700303008944,2.27228962064317,2952.0,3984.27
1988-09-01,8.19,2.5,4.82700303008944,2.27228962064317,2956.9,4014.216
1988-10-01,8.3,2.5,4.82700303008944,2.27228962064317,2965.3,4057.598
1988-11-01,8.35,2.5,4.82700303008944,2.27228962064317,2980.2,4091.169
1988-12-01,8.76,2.5,4.82700303008944,2.27228962064317,2988.2,4114.265
1989-01-01,9.12,2.5,4.82700303008944,2.27228962064317,2991.7,4138.156
1989-02-01,9.36,2.5,4.82700303008944,2.27228962064317,2992.2,4194.275
1989-03-01,9.85,2.5,4.82700303008944,2.27228962064317,2999.7,4220.065
1989-04-01,9.84,2.5,4.82700303008944,2.27228962064317,3006.0,4234.516
1989-05-01,9.81,3.25,4.82700303008944,2.27228962064317,3011.6,4252.719
1989-06-01,9.53,3.25,4.82700303008944,2.27228962064317,3027.9,4287.644
1989-07-01,9.24,3.25,4.82700303008944,2.27228962064317,3052.4,4333.24
1989-08-01,8.99,3.25,5.39795643990325,3.0785162869516,3074.4,4368.39
1989-09-01,9.02,3.25,5.39795643990325,3.0785162869516,3092.5,4399.046
1989-10-01,8.84,3.75,5.39795643990325,3.0785162869516,3114.1,4439.019
1989-11-01,8.55,3.75,5.39795643990325,3.0785162869516,3133.3,4494.961
1989-12-01,8.45,4.25,5.39795643990325,3.0785162869516,3152.5,4556.322
1990-01-01,8.23,4.25,5.39795643990325,3.0785162869516,3166.8,4615.556
1990-02-01,8.24,4.25,5.39795643990325,3.0785162869516,3179.2,4693.577
1990-03-01,8.28,5.25,5.39795643990325,3.0785162869516,3190.1,4716.531
1990-04-01,8.26,5.25,5.39795643990325,3.0785162869516,3201.6,4790.055
1990-05-01,8.18,5.25,5.39795643990325,3.0785162869516,3200.6,4813.021
1990-06-01,8.29,5.25,5.39795643990325,3.0785162869516,3213.7,4824.587
1990-07-01,8.15,5.25,5.39795643990325,3.0785162869516,3224.5,4859.955
1990-08-01,8.13,6.0,4.23496396453849,3.25143848753308,3242.0,4887.921
1990-09-01,8.2,6.0,4.23496396453849,3.25143848753308,3254.6,4925.391
1990-10-01,8.11,6.0,4.23496396453849,3.25143848753308,3259.3,4954.965
1990-11-01,7.81,6.0,4.23496396453849,3.25143848753308,3262.6,4939.055
1990-12-01,7.31,6.0,4.23496396453849,3.25143848753308,3271.8,4949.835
1991-01-01,6.91,6.0,4.23496396453849,3.25143848753308,3287.7,4960.055
1991-02-01,6.25,6.0,4.23496396453849,3.25143848753308,3304.5,4960.755
1991-03-01,6.12,6.0,4.23496396453849,3.25143848753308,3321.9,4961.879
1991-04-01,5.91,6.0,4.23496396453849,3.25143848753308,3332.4,4971.77
1991-05-01,5.78,6.0,4.23496396453849,3.25143848753308,3343.0,4984.499
1991-06-01,5.9,6.0,4.23496396453849,3.25143848753308,3351.9,4997.668
1991-07-01,5.82,5.5,4.23496396453849,3.25143848753308,3356.1,5019.116
1991-08-01,5.66,5.5,3.02881967814969,1.7602830605927,3355.0,5018.687
1991-09-01,5.45,5.5,3.02881967814969,1.7602830605927,3354.9,5037.48
1991-10-01,5.21,5.5,3.02881967814969,1.7602830605927,3360.1,5053.526
1991-11-01,4.81,5.0,3.02881967814969,1.7602830605927,3365.5,5058.633
1991-12-01,4.43,4.5,3.02881967814969,1.7602830605927,3372.2,5055.281
1992-01-01,4.03,4.5,3.02881967814969,1.7602830605927,3381.2,5053.8
1992-02-01,4.06,4.5,3.02881967814969,1.7602830605927,3400.0,5045.779
1992-03-01,3.98,4.5,3.02881967814969,1.7602830605927,3403.9,5054.738
1992-04-01,3.73,3.75,3.02881967814969,1.7602830605927,3399.7,5047.586
1992-05-01,3.82,3.75,3.02881967814969,1.7602830605927,3398.6,5033.912
1992-06-01,3.76,3.75,3.02881967814969,1.7602830605927,3393.4,5037.331
1992-07-01,3.25,3.25,3.02881967814969,1.7602830605927,3393.9,5025.583
1992-08-01,3.3,3.25,2.95165696638559,1.24304589707924,3398.8,5030.17
1992-09-01,3.22,3.25,2.95165696638559,1.24304589707924,3410.3,5014.338
1992-10-01,3.1,3.25,2.95165696638559,1.24304589707924,3423.8,5021.331
1992-11-01,3.09,3.25,2.95165696638559,1.24304589707924,3426.5,5031.205
1992-12-01,2.92,3.25,2.95165696638559,1.24304589707924,3424.7,5040.205
1993-01-01,3.02,3.25,2.95165696638559,1.24304589707924,3419.1,5044.002
1993-02-01,3.03,2.5,2.95165696638559,1.24304589707924,3414.5,5054.209
1993-03-01,3.07,2.5,2.95165696638559,1.24304589707924,3411.7,5038.313
1993-04-01,2.96,2.5,2.95165696638559,1.24304589707924,3411.3,5070.852
1993-05-01,3.0,2.5,2.95165696638559,1.24304589707924,3436.9,5101.443
1993-06-01,3.04,2.5,2.95165696638559,1.24304589707924,3442.4,5103.728
1993-07-01,3.06,2.5,2.95165696638559,1.24304589707924,3442.0,5102.816
1993-08-01,3.03,2.5,2.60744159215453,0.695458057869004,3445.7,5113.375
1993-09-01,3.09,1.75,2.60744159215453,0.695458057869004,3452.2,5112.228
1993-10-01,2.99,1.75,2.60744159215453,0.695458057869004,3456.7,5115.693
1993-11-01,3.02,1.75,2.60744159215453,0.695458057869004,3470.1,5110.916
1993-12-01,2.96,1.75,2.60744159215453,0.695458057869004,3474.5,5114.782
1994-01-01,3.05,1.75,2.60744159215453,0.695458057869004,3474.9,5125.23
1994-02-01,3.25,1.75,2.60744159215453,0.695458057869004,3475.7,5130.318
1994-03-01,3.34,1.75,2.60744159215453,0.695458057869004,3480.1,5137.675
1994-04-01,3.56,1.75,2.60744159215453,0.695458057869004,3481.3,5176.256
1994-05-01,4.01,1.75,2.60744159215453,0.695458057869004,3490.8,5179.058
1994-06-01,4.25,1.75,2.60744159215453,0.695458057869004,3479.5,5176.755
1994-07-01,4.26,1.75,2.60744159215453,0.695458057869004,3488.2,5202.167
1994-08-01,4.47,1.75,2.80541968853662,-0.127899045020446,3485.7,5212.986
1994-09-01,4.73,1.75,2.80541968853662,-0.127899045020446,3486.1,5234.921
1994-10-01,4.76,1.75,2.80541968853662,-0.127899045020446,3484.3,5244.19
1994-11-01,5.29,1.75,2.80541968853662,-0.127899045020446,3487.2,5249.9
1994-12-01,5.45,1.75,2.80541968853662,-0.127899045020446,3486.4,5267.179
1995-01-01,5.53,1.75,2.80541968853662,-0.127899045020446,3492.4,5283.914
1995-02-01,5.92,1.75,2.80541968853662,-0.127899045020446,3489.9,5310.14
1995-03-01,5.98,1.75,2.80541968853662,-0.127899045020446,3491.1,5318.575
1995-04-01,6.05,1.0,2.80541968853662,-0.127899045020446,3499.2,5332.021
1995-05-01,6.01,1.0,2.80541968853662,-0.127899045020446,3524.2,5332.916
1995-06-01,6.0,1.0,2.80541968853662,-0.127899045020446,3548.9,5335.892
1995-07-01,5.85,1.0,2.80541968853662,-0.127899045020446,3567.4,5343.549
1995-08-01,5.74,1.0,2.93120419993441,0.136600358575909,3589.0,5354.112
1995-09-01,5.8,0.5,2.93120419993441,0.136600358575909,3602.1,5375.87
1995-10-01,5.76,0.5,2.93120419993441,0.136600358575909,3613.4,5378.036
1995-11-01,5.8,0.5,2.93120419993441,0.136600358575909,3619.9,5422.867
1995-12-01,5.6,0.5,2.93120419993441,0.136600358575909,3629.5,5435.877
1996-01-01,5.56,0.5,2.93120419993441,0.136600358575909,3647.9,5444.218
1996-02-01,5.22,0.5,2.93120419993441,0.136600358575909,3661.8,5455.541
1996-03-01,5.31,0.5,2.93120419993441,0.136600358575909,3686.9,5476.778
1996-04-01,5.22,0.5,2.93120419993441,0.136600358575909,3697.7,5479.765
1996-05-01,5.24,0.5,2.93120419993441,0.136600358575909,3709.6,5501.749
1996-06-01,5.27,0.5,2.93120419993441,0.136600358575909,3722.5,5533.043
1996-07-01,5.4,0.5,2.93120419993441,0.136600358575909,3737.1,5540.198
1996-08-01,5.22,0.5,2.33768993730735,1.74780458692133,3744.0,5552.916
1996-09-01,5.3,0.5,2.33768993730735,1.74780458692133,3753.4,5566.942
1996-10-01,5.24,0.5,2.33768993730735,1.74780458692133,3772.8,5579.465
1996-11-01,5.31,0.5,2.33768993730735,1.74780458692133,3795.1,5591.868
1996-12-01,5.29,0.5,2.33768993730735,1.74780458692133,3818.6,5594.49
1997-01-01,5.25,0.5,2.33768993730735,1.74780458692133,3834.6,5603.395
1997-02-01,5.19,0.5,2.33768993730735,1.74780458692133,3846.3,5609.023
1997-03-01,5.39,0.5,2.33768993730735,1.74780458692133,3861.2,5623.45
1997-04-01,5.51,0.5,2.33768993730735,1.74780458692133,3877.0,5653.218
1997-05-01,5.5,0.5,2.33768993730735,1.74780458692133,3889.2,5667.729
1997-06-01,5.56,0.5,2.33768993730735,1.74780458692133,3906.0,5690.492
1997-07-01,5.52,0.5,2.33768993730735,1.74780458692133,3923.9,5709.752
1997-08-01,5.54,0.5,1.55227909874364,0.661974191385911,3957.4,5730.242
1997-09-01,5.54,0.5,1.55227909874364,0.661974191385911,3973.1,5738.756
1997-10-01,5.5,0.5,1.55227909874364,0.661974191385911,3992.3,5744.288
1997-11-01,5.52,0.5,1.55227909874364,0.661974191385911,4014.8,5769.54
1997-12-01,5.5,0.5,1.55227909874364,0.661974191385911,4032.9,5807.569
1998-01-01,5.56,0.5,1.55227909874364,0.661974191385911,4056.2,5847.675
1998-02-01,5.51,0.5,1.55227909874364,0.661974191385911,4088.9,5885.351
1998-03-01,5.49,0.5,1.55227909874364,0.661974191385911,4114.3,5878.176
1998-04-01,5.45,0.5,1.55227909874364,0.661974191385911,4140.2,5886.427
1998-05-01,5.49,0.5,1.55227909874364,0.661974191385911,4164.4,5909.245
1998-06-01,5.56,0.5,1.55227909874364,0.661974191385911,4184.1,5912.661
1998-07-01,5.54,0.5,1.55227909874364,0.661974191385911,4203.8,5940.296
1998-08-01,5.55,0.5,2.18802719697358,-0.341296928327554,4228.7,5974.788
1998-09-01,5.51,0.5,2.18802719697358,-0.341296928327554,4267.7,5992.115
1998-10-01,5.07,0.5,2.18802719697358,-0.341296928327554,4307.9,5994.107
1998-11-01,4.83,0.5,2.18802719697358,-0.341296928327554,4346.6,6046.542
1998-12-01,4.68,0.5,2.18802719697358,-0.341296928327554,4375.6,6064.699
1999-01-01,4.63,0.5,2.18802719697358,-0.341296928327554,4403.0,6080.885
1999-02-01,4.76,0.17632,2.18802719697358,-0.341296928327554,4425.8,6109.466
1999-03-01,4.81,0.04091,2.18802719697358,-0.341296928327554,4432.6,6125.936
1999-04-01,4.74,0.0314299999999999,2.18802719697358,-0.341296928327554,4461.4,6115.245
1999-05-01,4.74,0.0299999999999999,2.18802719697358,-0.341296928327554,4486.1,6146.889
1999-06-01,4.76,0.0299999999999999,2.18802719697358,-0.341296928327554,4508.0,6167.545
1999-07-01,4.99,0.0299999999999999,2.18802719697358,-0.341296928327554,4535.4,6174.875
1999-08-01,5.07,0.0299999999999999,3.37685727149929,-0.676578683595175,4552.7,6186.141
1999-09-01,5.22,0.0325,3.37685727149929,-0.676578683595175,4568.8,6192.033
1999-10-01,5.2,0.0245,3.37685727149929,-0.676578683595175,4592.7,6206.902
1999-11-01,5.42,0.0275,3.37685727149929,-0.676578683595175,4611.8,6221.075
1999-12-01,5.3,0.0242899999999999,3.37685727149929,-0.676578683595175,4639.3,6229.419
2000-01-01,5.45,0.0205299999999999,3.37685727149929,-0.676578683595175,4667.6,6237.917
2000-02-01,5.73,0.0345,3.37685727149929,-0.676578683595175,4680.9,6235.997
2000-03-01,5.85,0.02136,3.37685727149929,-0.676578683595175,4711.7,6247.943
2000-04-01,6.02,0.02,3.37685727149929,-0.676578683595175,4767.8,6288.926
2000-05-01,6.27,0.021,3.37685727149929,-0.676578683595175,4755.7,6279.282
2000-06-01,6.53,0.0209099999999999,3.37685727149929,-0.676578683595175,4773.6,6284.454
2000-07-01,6.54,0.021,3.37685727149929,-0.676578683595175,4791.3,6294.791
2000-08-01,6.5,0.1552199999999999,2.82617111885407,-0.740055504162738,4819.5,6300.062
2000-09-01,6.52,0.2494999999999999,2.82617111885407,-0.740055504162738,4855.3,6312.214
2000-10-01,6.51,0.2476199999999998,2.82617111885407,-0.740055504162738,4871.4,6335.86
2000-11-01,6.51,0.2474999999999999,2.82617111885407,-0.740055504162738,4882.8,6337.847
2000-12-01,6.4,0.24143,2.82617111885407,-0.740055504162738,4927.7,6359.058
2001-01-01,5.98,0.24895,2.82617111885407,-0.740055504162738,4978.4,6376.303
2001-02-01,5.49,0.2484199999999998,2.82617111885407,-0.740055504162738,5017.1,6395.484
2001-03-01,5.31,0.10667,2.82617111885407,-0.740055504162738,5074.9,6405.925
2001-04-01,4.8,0.02,2.82617111885407,-0.740055504162738,5139.2,6432.776
2001-05-01,4.21,0.0185699999999999,2.82617111885407,-0.740055504162738,5137.3,6446.24
2001-06-01,3.97,0.01762,2.82617111885407,-0.740055504162738,5180.3,6462.539
2001-07-01,3.77,0.0128599999999999,2.82617111885407,-0.740055504162738,5210.2,6478.632
2001-08-01,3.65,0.01,1.58603162650601,-0.923494026942321,5243.9,6487.009
2001-09-01,3.07,0.0050499999999999,1.58603162650601,-0.923494026942321,5355.3,6508.082
2001-10-01,2.49,0.00314,1.58603162650601,-0.923494026942321,5344.0,6517.002
2001-11-01,2.09,0.0024299999999999,1.58603162650601,-0.923494026942321,5387.7,6527.526
2001-12-01,1.82,0.0018399999999999,1.58603162650601,-0.923494026942321,5440.7,6576.819
2002-01-01,1.73,0.0011099999999998,1.58603162650601,-0.923494026942321,5461.1,6602.844
2002-02-01,1.74,0.001,1.58603162650601,-0.923494026942321,5490.4,6620.554
2002-03-01,1.73,0.00205,1.58603162650601,-0.923494026942321,5502.2,6643.71
2002-04-01,1.75,0.00148,1.58603162650601,-0.923494026942321,5502.3,6662.024
2002-05-01,1.75,0.0013799999999999,1.58603162650601,-0.923494026942321,5528.5,6671.176
2002-06-01,1.75,0.0014,1.58603162650601,-0.923494026942321,5553.5,6680.978
2002-07-01,1.73,0.0017799999999999,1.58603162650601,-0.923494026942321,5596.2,6689.932
2002-08-01,1.74,0.00186,2.27009497336115,-0.256541816316025,5638.4,6706.467
2002-09-01,1.75,0.0052599999999999,2.27009497336115,-0.256541816316025,5662.5,6711.295
2002-10-01,1.75,0.00191,2.27009497336115,-0.256541816316025,5707.2,6728.432
2002-11-01,1.34,0.0019499999999999,2.27009497336115,-0.256541816316025,5758.2,6733.563
2002-12-01,1.24,0.0019499999999999,2.27009497336115,-0.256541816316025,5779.5,6727.668
2003-01-01,1.24,0.002,2.27009497336115,-0.256541816316025,5812.3,6737.133
2003-02-01,1.26,0.001,2.27009497336115,-0.256541816316025,5848.4,6748.918
2003-03-01,1.25,0.002,2.27009497336115,-0.256541816316025,5868.6,6755.92
2003-04-01,1.26,0.001,2.27009497336115,-0.256541816316025,5905.7,6726.628
2003-05-01,1.26,0.001,2.27009497336115,-0.256541816316025,5965.5,6746.202
2003-06-01,1.22,0.001,2.27009497336115,-0.256541816316025,6002.4,6766.01
2003-07-01,1.01,0.002,2.27009497336115,-0.256541816316025,6049.4,6775.022
2003-08-01,1.03,0.001,2.67723669309172,-0.0085733882031027,6107.3,6802.307
2003-09-01,1.01,0.002,2.67723669309172,-0.0085733882031027,6079.9,6789.563
2003-10-01,1.01,0.001,2.67723669309172,-0.0085733882031027,6070.2,6795.637
2003-11-01,1.0,0.001,2.67723669309172,-0.0085733882031027,6075.7,6800.41
2003-12-01,0.98,0.001,2.67723669309172,-0.0085733882031027,6074.0,6802.867
2004-01-01,1.0,0.0,2.67723669309172,-0.0085733882031027,6082.2,6817.487
2004-02-01,1.01,0.001,2.67723669309172,-0.0085733882031027,6121.9,6833.691
2004-03-01,1.0,0.001,2.67723669309172,-0.0085733882031027,6158.0,6843.902
2004-04-01,1.0,0.0,2.67723669309172,-0.0085733882031027,6199.1,6852.892
2004-05-01,1.0,0.001,2.67723669309172,-0.0085733882031027,6275.9,6880.927
2004-06-01,1.03,0.001,2.67723669309172,-0.0085733882031027,6278.1,6884.93
2004-07-01,1.26,0.0,2.67723669309172,-0.0085733882031027,6291.3,6901.475
2004-08-01,1.43,0.001,3.3927468454955,-0.282946068764391,6317.9,6928.963
2004-09-01,1.61,0.001,3.3927468454955,-0.282946068764391,6352.3,6921.219
2004-10-01,1.76,0.001,3.3927468454955,-0.282946068764391,6379.9,6928.858
2004-11-01,1.93,0.001,3.3927468454955,-0.282946068764391,6406.5,6933.802
2004-12-01,2.16,0.001,3.3927468454955,-0.282946068764391,6424.7,6941.309
2005-01-01,2.28,0.001,3.3927468454955,-0.282946068764391,6431.0,6951.03
2005-02-01,2.5,0.001,3.3927468454955,-0.282946068764391,6439.1,6957.338
2005-03-01,2.63,0.002,3.3927468454955,-0.282946068764391,6448.4,6982.583
2005-04-01,2.79,0.001,3.3927468454955,-0.282946068764391,6462.0,6974.877
2005-05-01,3.0,0.001,3.3927468454955,-0.282946068764391,6479.2,6983.6
2005-06-01,3.04,0.001,3.3927468454955,-0.282946068764391,6511.8,6996.096
2005-07-01,3.26,0.001,3.3927468454955,-0.282946068764391,6543.7,7017.262
2005-08-01,3.5,0.001,3.22594410070404,0.249355116079085,6576.5,7040.597
2005-09-01,3.62,0.001,3.22594410070404,0.249355116079085,6610.3,7056.823
2005-10-01,3.78,0.001,3.22594410070404,0.249355116079085,6644.1,7061.669
2005-11-01,4.0,0.001,3.22594410070404,0.249355116079085,6660.8,7071.943
2005-12-01,4.16,0.001,3.22594410070404,0.249355116079085,6688.0,7072.704
2006-01-01,4.29,0.001,3.22594410070404,0.249355116079085,6730.3,7072.484
2006-02-01,4.49,0.001,3.22594410070404,0.249355116079085,6754.9,7074.324
2006-03-01,4.59,0.002,3.22594410070404,0.249355116079085,6769.5,7077.414
2006-04-01,4.79,0.002,3.22594410070404,0.249355116079085,6807.0,7085.743
2006-05-01,4.94,0.02,3.22594410070404,0.249355116079085,6813.9,7076.584
2006-06-01,4.99,0.0359999999999999,3.22594410070404,0.249355116079085,6852.1,7070.963
2006-07-01,5.24,0.1549999999999999,3.22594410070404,0.249355116079085,6893.9,7055.474
2006-08-01,5.25,0.25,2.85267248150138,0.060039454498669,6925.3,7071.745
2006-09-01,5.25,0.261,2.85267248150138,0.060039454498669,6952.6,7093.168
2006-10-01,5.25,0.254,2.85267248150138,0.060039454498669,7002.0,7100.621
2006-11-01,5.25,0.257,2.85267248150138,0.060039454498669,7037.5,7113.414
2006-12-01,5.24,0.255,2.85267248150138,0.060039454498669,7080.4,7123.43
2007-01-01,5.25,0.267,2.85267248150138,0.060039454498669,7118.5,7135.791
2007-02-01,5.26,0.3569999999999999,2.85267248150138,0.060039454498669,7134.6,7142.873
2007-03-01,5.26,0.509,2.85267248150138,0.060039454498669,7168.5,7153.684
2007-04-01,5.25,0.511,2.85267248150138,0.060039454498669,7241.0,7167.181
2007-05-01,5.25,0.521,2.85267248150138,0.060039454498669,7254.9,7179.933
2007-06-01,5.25,0.51,2.85267248150138,0.060039454498669,7288.1,7194.411
2007-07-01,5.26,0.4989999999999999,2.85267248150138,0.060039454498669,7319.0,7201.073
2007-08-01,5.02,0.4849999999999999,3.839100296651,1.3800788616492,7395.1,7195.858
2007-09-01,4.94,0.51,3.839100296651,1.3800788616492,7413.3,7215.759
2007-10-01,4.76,0.506,3.839100296651,1.3800788616492,7428.4,7234.725
2007-11-01,4.49,0.5,3.839100296651,1.3800788616492,7453.8,7256.89
2007-12-01,4.24,0.4969999999999999,3.839100296651,1.3800788616492,7484.2,7275.056
2008-01-01,3.94,0.502,3.839100296651,1.3800788616492,7517.8,7290.178
2008-02-01,2.98,0.504,3.839100296651,1.3800788616492,7604.2,7309.115
2008-03-01,2.61,0.511,3.839100296651,1.3800788616492,7670.3,7315.684
2008-04-01,2.28,0.506,3.839100296651,1.3800788616492,7712.8,7302.188
2008-05-01,1.98,0.505,3.839100296651,1.3800788616492,7725.5,7326.834
2008-06-01,2.0,0.509,3.839100296651,1.3800788616492,7744.2,7349.58
2008-07-01,2.01,0.503,3.839100296651,1.3800788616492,7791.5,7354.591
2008-08-01,2.0,0.504,-0.355546266299747,-1.35283672951719,7806.1,7367.277
2008-09-01,1.81,0.4949999999999999,-0.355546266299747,-1.35283672951719,7872.7,7372.641
2008-10-01,0.97,0.4869999999999999,-0.355546266299747,-1.35283672951719,7975.3,7364.104
2008-11-01,0.39,0.3009999999999999,-0.355546266299747,-1.35283672951719,8027.3,7387.973
2008-12-01,0.16,0.2109999999999999,-0.355546266299747,-1.35283672951719,8205.0,7411.541
2009-01-01,0.15,0.1199999999999999,-0.355546266299747,-1.35283672951719,8289.4,7436.725
2009-02-01,0.22,0.111,-0.355546266299747,-1.35283672951719,8319.6,7466.391
2009-03-01,0.18,0.1,-0.355546266299747,-1.35283672951719,8386.7,7482.33
2009-04-01,0.15,0.1039999999999999,-0.355546266299747,-1.35283672951719,8391.4,7496.929
2009-05-01,0.18,0.1019999999999999,-0.355546266299747,-1.35283672951719,8449.5,7520.402
2009-06-01,0.21,0.1039999999999999,-0.355546266299747,-1.35283672951719,8459.5,7531.335
2009-07-01,0.16,0.1019999999999999,-0.355546266299747,-1.35283672951719,8463.8,7554.006
2009-08-01,0.16,0.1059999999999999,1.6400434423899,-0.728243207517779,8463.3,7573.041
2009-09-01,0.15,0.1019999999999999,1.6400434423899,-0.728243207517779,8461.8,7591.232
2009-10-01,0.12,0.1059999999999999,1.6400434423899,-0.728243207517779,8488.1,7610.312
2009-11-01,0.12,0.1049999999999999,1.6400434423899,-0.728243207517779,8517.3,7630.039
2009-12-01,0.12,0.1009999999999998,1.6400434423899,-0.728243207517779,8512.5,7642.122
2010-01-01,0.11,0.096,1.6400434423899,-0.728243207517779,8478.0,7662.543
2010-02-01,0.13,0.1009999999999998,1.6400434423899,-0.728243207517779,8527.6,7675.075
2010-03-01,0.16,0.0969999999999999,1.6400434423899,-0.728243207517779,8523.7,7685.056
2010-04-01,0.2,0.0929999999999999,1.6400434423899,-0.728243207517779,8555.1,7710.701
2010-05-01,0.2,0.0909999999999999,1.6400434423899,-0.728243207517779,8609.3,7752.141
2010-06-01,0.18,0.095,1.6400434423899,-0.728243207517779,8628.4,7747.72
2010-07-01,0.18,0.094,1.6400434423899,-0.728243207517779,8639.8,7759.229
2010-08-01,0.19,0.095,3.156841568622,-0.27245561610124,8688.2,7784.109
2010-09-01,0.19,0.0909999999999999,3.156841568622,-0.27245561610124,8718.9,7801.442
2010-10-01,0.19,0.0909999999999999,3.156841568622,-0.27245561610124,8768.7,7818.474
2010-11-01,0.19,0.0909999999999999,3.156841568622,-0.27245561610124,8789.3,7824.229
2010-12-01,0.18,0.0869999999999999,3.156841568622,-0.27245561610124,8822.9,7821.248
2011-01-01,0.17,0.085,3.156841568622,-0.27245561610124,8845.2,7841.913
2011-02-01,0.16,0.0929999999999999,3.156841568622,-0.27245561610124,8909.0,7862.716
2011-03-01,0.14,0.085,3.156841568622,-0.27245561610124,8967.0,7884.674
2011-04-01,0.1,0.0619999999999999,3.156841568622,-0.27245561610124,9030.4,7918.576
2011-05-01,0.09,0.069,3.156841568622,-0.27245561610124,9102.7,7960.423
2011-06-01,0.09,0.069,3.156841568622,-0.27245561610124,9176.7,7966.353
2011-07-01,0.07,0.0729999999999999,3.156841568622,-0.27245561610124,9338.7,7987.037
2011-08-01,0.1,0.081,2.06933726526067,-0.0440645104432602,9525.1,7995.186
2011-09-01,0.08,0.08,2.06933726526067,-0.0440645104432602,9545.3,8015.213
2011-10-01,0.07,0.081,2.06933726526067,-0.0440645104432602,9578.1,8037.314
2011-11-01,0.08,0.0769999999999999,2.06933726526067,-0.0440645104432602,9629.8,8056.848
2011-12-01,0.07,0.0779999999999999,2.06933726526067,-0.0440645104432602,9677.4,8064.548
2012-01-01,0.08,0.08,2.06933726526067,-0.0440645104432602,9750.5,8080.531
2012-02-01,0.1,0.085,2.06933726526067,-0.0440645104432602,9802.2,8093.535
2012-03-01,0.13,0.084,2.06933726526067,-0.0440645104432602,9846.2,8115.355
2012-04-01,0.14,0.0749999999999999,2.06933726526067,-0.0440645104432602,9899.8,8125.624
2012-05-01,0.16,0.084,2.06933726526067,-0.0440645104432602,9943.0,8135.172
2012-06-01,0.16,0.0759999999999999,2.06933726526067,-0.0440645104432602,10013.0,8146.097
2012-07-01,0.16,0.084,2.06933726526067,-0.0440645104432602,10065.7,8171.555
2012-08-01,0.13,0.0859999999999999,1.46483265562717,0.335037912184741,10136.4,8193.316
2012-09-01,0.14,0.085,1.46483265562717,0.335037912184741,10216.6,8211.192
2012-10-01,0.16,0.085,1.46483265562717,0.335037912184741,10282.8,8220.649
2012-11-01,0.16,0.0859999999999999,1.46483265562717,0.335037912184741,10351.8,8224.013
2012-12-01,0.16,0.0819999999999999,1.46483265562717,0.335037912184741,10474.4,8266.266
2013-01-01,0.14,0.083,1.46483265562717,0.335037912184741,10497.6,8294.001
2013-02-01,0.15,0.08,1.46483265562717,0.335037912184741,10516.6,8327.287
2013-03-01,0.14,0.08,1.46483265562717,0.335037912184741,10572.9,8362.99
2013-04-01,0.15,0.07,1.46483265562717,0.335037912184741,10600.4,8387.216
2013-05-01,0.11,0.07,1.46483265562717,0.335037912184741,10634.7,8419.701
2013-06-01,0.09,0.07,1.46483265562717,0.335037912184741,10692.3,8457.815
2013-07-01,0.09,0.07,1.46483265562717,0.335037912184741,10731.5,8481.051
2013-08-01,0.08,0.07,1.62222297740817,2.75922671353253,10789.6,8505.797
2013-09-01,0.08,0.07,1.62222297740817,2.75922671353253,10850.0,8532.214
2013-10-01,0.09,0.07,1.62222297740817,2.75922671353253,10974.2,8560.686
2013-11-01,0.08,0.07,1.62222297740817,2.75922671353253,10982.9,8577.646
2013-12-01,0.09,0.07,1.62222297740817,2.75922671353253,11047.8,8609.926
2014-01-01,0.07,0.07,1.62222297740817,2.75922671353253,11117.6,8647.109
2014-02-01,0.07,0.08,1.62222297740817,2.75922671353253,11183.2,8653.728
2014-03-01,0.08,0.07,1.62222297740817,2.75922671353253,11219.1,8662.396
2014-04-01,0.09,0.0599999999999999,1.62222297740817,2.75922671353253,11264.0,8680.918
2014-05-01,0.09,0.07,1.62222297740817,2.75922671353253,11328.5,8695.283
2014-06-01,0.1,0.07,1.62222297740817,2.75922671353253,11383.7,8717.659
2014-07-01,0.09,0.07,1.62222297740817,2.75922671353253,11438.4,8736.997
2014-08-01,0.09,0.07,0.118627135552451,0.795279630579839,11462.5,8760.013
2014-09-01,0.09,0.07,0.118627135552451,0.795279630579839,11503.7,8798.011
2014-10-01,0.09,0.0599999999999999,0.118627135552451,0.795279630579839,11577.5,8832.802
2014-11-01,0.09,0.0599999999999999,0.118627135552451,0.795279630579839,11618.2,8880.035
2014-12-01,0.12,0.07,0.118627135552451,0.795279630579839,11701.9,8913.6
2015-01-01,0.11,0.07,0.118627135552451,0.795279630579839,11774.2,8935.547
2015-02-01,0.11,0.08,0.118627135552451,0.795279630579839,11880.4,8955.843
2015-03-01,0.11,0.07,0.118627135552451,0.795279630579839,11892.9,8979.425
2015-04-01,0.12,0.0599999999999999,0.118627135552451,0.795279630579839,11932.5,8999.746
2015-05-01,0.12,0.07,0.118627135552451,0.795279630579839,11963.8,9050.852
2015-06-01,0.13,0.07,0.118627135552451,0.795279630579839,12011.1,9062.946
2015-07-01,0.13,0.07,0.118627135552451,0.795279630579839,12061.1,9092.45
2015-08-01,0.14,0.08,1.26158320570536,-0.127258844489754,12110.8,9125.521
2015-09-01,0.14,0.07,1.26158320570536,-0.127258844489754,12170.3,9134.667
2015-10-01,0.12,0.08,1.26158320570536,-0.127258844489754,12211.2,9155.114
2015-11-01,0.12,0.08,1.26158320570536,-0.127258844489754,12301.0,9173.389
2015-12-01,0.24,0.07,1.26158320570536,-0.127258844489754,12361.5,9188.608
2016-01-01,0.34,0.07,1.26158320570536,-0.127258844489754,12490.8,9215.636
2016-02-01,0.38,0.0299999999999999,1.26158320570536,-0.127258844489754,12557.6,9242.503
2016-03-01,0.36,-0.003,1.26158320570536,-0.127258844489754,12620.2,9268.066
2016-04-01,0.37,-0.0359999999999999,1.26158320570536,-0.127258844489754,12703.7,9312.155
2016-05-01,0.37,-0.0589999999999999,1.26158320570536,-0.127258844489754,12775.9,9360.665
2016-06-01,0.38,-0.055,1.26158320570536,-0.127258844489754,12841.1,9377.544
2016-07-01,0.39,-0.0429999999999999,1.26158320570536,-0.127258844489754,12902.2,9401.379
2016-08-01,0.4,-0.0429999999999999,2.13011000365961,0.484199796126385,12988.9,9420.826
2016-09-01,0.4,-0.0519999999999999,2.13011000365961,0.484199796126385,13047.9,9458.265
2016-10-01,0.4,-0.0369999999999999,2.13011000365961,0.484199796126385,13112.8,9492.02
2016-11-01,0.41,-0.049,2.13011000365961,0.484199796126385,13182.4,9530.663
2016-12-01,0.54,-0.0439999999999999,2.13011000365961,0.484199796126385,13215.3,9560.124
2017-01-01,0.65,-0.0449999999999999,2.13011000365961,0.484199796126385,13286.4,9591.71
2017-02-01,0.66,-0.0379999999999999,2.13011000365961,0.484199796126385,13351.2,9632.187
2017-03-01,0.79,-0.042,2.13011000365961,0.484199796126385,13420.1,9648.077
2017-04-01,0.9,-0.0539999999999999,2.13011000365961,0.484199796126385,13481.0,9665.66
2017-05-01,0.91,-0.0529999999999999,2.13011000365961,0.484199796126385,13539.7,9679.43
2017-06-01,1.04,-0.0559999999999998,2.13011000365961,0.484199796126385,13564.1,9723.424
2017-07-01,1.15,-0.0539999999999999,2.13011000365961,0.484199796126385,13628.9,9755.567
2017-08-01,1.16,-0.049,2.44258329692817,0.989094598021848,13688.0,9780.610999999999
2017-09-01,1.15,-0.0579999999999998,2.44258329692817,0.989094598021848,13733.8,9808.496
2017-10-01,1.15,-0.0369999999999999,2.44258329692817,0.989094598021848,13788.5,9843.344000000001
2017-11-01,1.16,-0.048,2.44258329692817,0.989094598021848,13814.7,9881.646
2017-12-01,1.3,-0.042,2.44258329692817,0.989094598021848,13860.3,9888.494
2018-01-01,1.41,-0.04,2.44258329692817,0.989094598021848,13869.2,9911.518
2018-02-01,1.42,-0.042,2.44258329692817,0.989094598021848,13907.3,9930.094000000001
2018-03-01,1.51,-0.0619999999999999,2.44258329692817,0.989094598021848,13966.4,9950.232
2018-04-01,1.69,-0.063,2.44258329692817,0.989094598021848,13989.3,9971.978000000001
2018-05-01,1.7,-0.0609999999999999,2.44258329692817,0.989094598021848,14055.7,9982.671
2018-06-01,1.82,-0.0709999999999999,2.44258329692817,0.989094598021848,14117.5,10021.845
2018-07-01,1.91,-0.07,2.44258329692817,0.989094598021848,14157.0,10039.4
2018-08-01,1.91,-0.0589999999999999,1.81221007526021,0.46877615938395,14206.0,10056.22
2018-09-01,1.95,-0.0579999999999998,1.81221007526021,0.46877615938395,14238.2,10079.166
2018-10-01,2.19,-0.0599999999999999,1.81221007526021,0.46877615938395,14248.1,10101.836
2018-11-01,2.2,-0.0709999999999999,1.81221007526021,0.46877615938395,14258.7,10109.832
2018-12-01,2.27,-0.068,1.81221007526021,0.46877615938395,14369.9,10131.277
2019-01-01,2.4,-0.064,1.81221007526021,0.46877615938395,14432.7,10151.552
2019-02-01,2.4,-0.055,1.81221007526021,0.46877615938395,14470.5,10170.805
2019-03-01,2.41,-0.0409999999999998,1.81221007526021,0.46877615938395,14513.9,10191.851999999999
2019-04-01,2.42,-0.067,1.81221007526021,0.46877615938395,14548.1,10209.47
2019-05-01,2.39,-0.049,1.81221007526021,0.46877615938395,14660.8,10232.091999999999
2019-06-01,2.38,-0.0619999999999999,1.81221007526021,0.46877615938395,14782.9,10240.485
2019-07-01,2.4,-0.0709999999999999,1.81221007526021,0.46877615938395,14865.4,10258.773000000001
2019-08-01,2.13,-0.0449999999999999,1.23358439630629,-0.024995834027731,14947.6,10277.546999999999
2019-09-01,2.04,-0.0589999999999999,1.23358439630629,-0.024995834027731,15039.5,10303.933
2019-10-01,1.83,-0.021,1.23358439630629,-0.024995834027731,15174.6,10330.165
2019-11-01,1.55,-0.0429999999999999,1.23358439630629,-0.024995834027731,15273.3,10370.07
2019-12-01,1.55,-0.0379999999999999,1.23358439630629,-0.024995834027731,15334.3,10400.306999999999
2020-01-01,1.55,-0.032,1.23358439630629,-0.024995834027731,15401.3,10429.404
2020-02-01,1.58,-0.016,1.23358439630629,-0.024995834027731,15453.8,10466.082
2020-03-01,0.65,-0.047,1.23358439630629,-0.024995834027731,15980.6,10517.028999999999
2020-04-01,0.05,-0.0359999999999999,1.23358439630629,-0.024995834027731,16999.0,10579.77
2020-05-01,0.05,-0.047,1.23358439630629,-0.024995834027731,17868.4,10752.883999999998
2020-06-01,0.08,-0.048,1.23358439630629,-0.024995834027731,18161.5,10978.223
2020-07-01,0.09,-0.0279999999999999,1.23358439630629,-0.024995834027731,18311.4,11064.773000000001
2020-08-01,0.1,-0.035,4.69785886363742,-0.233352779398264,18382.2,11153.53
2020-09-01,0.09,-0.0539999999999999,4.69785886363742,-0.233352779398264,18606.8,11225.972
2020-10-01,0.09,-0.02,4.69785886363742,-0.233352779398264,18758.1,11261.63
2020-11-01,0.09,-0.032,4.69785886363742,-0.233352779398264,18972.9,11312.843
2020-12-01,0.09,-0.0259999999999999,4.69785886363742,-0.233352779398264,19109.9,11364.95
2021-01-01,0.09,-0.017,4.69785886363742,-0.233352779398264,19334.6,11423.756000000001
2021-02-01,0.08,-0.016,4.69785886363742,-0.233352779398264,19570.8,11477.175
2021-03-01,0.07,-0.017,4.69785886363742,-0.233352779398264,19809.6,11519.57
2021-04-01,0.07,-0.012,4.69785886363742,-0.233352779398264,20135.3,11557.104
2021-05-01,0.06,-0.017,4.69785886363742,-0.233352779398264,20439.5,11608.271
2021-06-01,0.08,-0.0289999999999999,4.69785886363742,-0.233352779398264,20482.4,11622.969
2021-07-01,0.1,-0.0359999999999999,4.69785886363742,-0.233352779398264,20633.4,11644.808
2021-08-01,0.09,-0.034,8.00279982052121,2.49770278172255,20844.4,11667.702
2021-09-01,0.08,-0.0219999999999999,8.00279982052121,2.49770278172255,20973.8,11698.767
2021-10-01,0.08,-0.0269999999999999,8.00279982052121,2.49770278172255,21153.7,11738.021
2021-11-01,0.08,-0.0389999999999999,8.00279982052121,2.49770278172255,21327.6,11765.597
2021-12-01,0.08,-0.0259999999999999,8.00279982052121,2.49770278172255,21507.8,11795.138
2022-01-01,0.08,-0.02,8.00279982052121,2.49770278172255,21566.1,11844.598
2022-02-01,0.08,-0.0179999999999999,8.00279982052121,2.49770278172255,21621.0,11887.479
2022-03-01,0.2,-0.008,8.00279982052121,2.49770278172255,21722.8,11920.19
2022-04-01,0.33,-0.012,8.00279982052121,2.49770278172255,21723.2,11951.264
2022-05-01,0.77,-0.0179999999999999,8.00279982052121,2.49770278172255,21696.6,11971.878999999999
2022-06-01,1.21,-0.0379999999999999,8.00279982052121,2.49770278172255,21652.4,12003.073999999999
2022-07-01,1.68,-0.012,8.00279982052121,2.49770278172255,21644.5,12036.226999999999
2022-08-01,2.33,-0.0179999999999999,4.11633838374488,3.26813365933163,21626.7,12061.94
2022-09-01,2.56,-0.049,4.11633838374488,3.26813365933163,21507.7,12083.528
2022-10-01,3.08,-0.05,4.11633838374488,3.26813365933163,21433.4,12100.883
2022-11-01,3.78,-0.067,4.11633838374488,3.26813365933163,21367.1,12135.08
2022-12-01,4.1,-0.07,4.11633838374488,3.26813365933163,21273.2,12147.573999999999
2023-01-01,4.33,-0.02,4.11633838374488,3.26813365933163,21188.1,12168.628
2023-02-01,4.57,-0.0189999999999999,4.11633838374488,3.26813365933163,21117.6,12194.871000000001
2023-03-01,4.65,-0.017,4.11633838374488,3.26813365933163,20870.5,12224.02
2023-04-01,4.83,-0.0149999999999999,4.11633838374488,3.26813365933163,20711.9,12256.403
2023-05-01,5.06,-0.0509999999999999,4.11633838374488,3.26813365933163,20804.6,12284.722
2023-06-01,5.08,-0.066,4.11633838374488,3.26813365933163,20788.4,12312.115
2023-07-01,5.12,-0.0459999999999999,4.11633838374488,3.26813365933163,20762.6,12333.073999999999
2023-08-01,5.33,-0.064,3.1,2.4,20735.1,12356.016000000001
2023-09-01,5.33,-0.0539999999999999,3.1,2.4,20681.4,12372.34
2023-10-01,5.33,-0.02,3.1,2.4,20662.5,12392.178
2023-11-01,5.33,-0.0149999999999999,3.1,2.4,20675.8,12410.749
2023-12-01,5.33,-0.012,3.1,2.4,20725.5,12431.5
2024-01-01,5.33,-0.0139999999999998,3.1,2.4,20726.0,12469.525
2024-02-01,5.33,-0.006,3.1,2.4,20762.0,12494.861
2024-03-01,5.33,0.0219999999999999,3.1,2.4,20863.0,12535.35
2024-04-01,5.33,0.0769999999999999,3.1,2.4,20881.2,12528.037
2024-05-01,5.33,0.0769999999999999,3.1,2.4,20959.5,12510.141000000001
2024-06-01,5.33,0.0769999999999999,3.1,2.4,21020.1,12492.623
2024-07-01,5.33,0.0779999999999999,3.1,2.4,21039.4,12511.768
2024-08-01,5.33,0.2269999999999998,3.1,2.4,21141.3,12517.966
2024-09-01,5.13,0.2269999999999998,3.1,2.4,21222.7,12528.348
2024-10-01,4.83,0.2269999999999998,3.1,2.4,21311.2,12528.348
2024-11-01,4.64,0.227,3.1,2.4,21311.2,12528.348
